Concurso;bola 1;bola 2;bola 3;bola 4;bola 5;bola 6;bola 7;bola 8;bola 9;bola 10;bola 11;bola 12;bola 13;bola 14;bola 15
1890;5;1;2;7;10;13;17;21;23;4;9;8;15;16;11
1889;25;2;14;22;4;19;20;23;15;7;6;24;13;1;11
1888;25;17;24;2;8;4;6;7;20;12;22;11;18;23;14
1887;7;17;14;6;4;10;22;9;12;3;16;18;8;11;1
1886;25;16;3;6;20;15;11;9;22;19;1;21;2;14;12
1885;10;9;23;11;25;1;8;21;17;3;22;12;5;14;18
1884;6;25;3;23;11;16;7;2;5;9;14;17;12;8;1
1883;3;11;1;4;15;18;17;21;22;13;8;5;2;23;16
1882;23;13;11;12;24;5;1;9;16;3;14;4;22;15;8
1881;14;3;17;10;1;21;24;4;19;15;16;5;23;18;25
1880;5;23;15;22;18;1;20;11;13;19;7;9;4;24;6
1879;8;16;25;19;20;6;13;11;21;2;4;10;15;5;24
1878;8;1;24;15;3;19;4;10;23;12;17;5;2;6;25
1877;11;25;18;4;8;24;15;9;2;23;12;21;14;19;13
1876;20;8;3;23;18;11;19;2;1;7;16;24;13;22;4
1875;7;13;1;18;22;16;24;23;4;3;14;5;8;21;19
1874;19;1;25;13;14;5;24;6;17;20;8;21;22;9;10
1873;11;17;14;4;23;9;12;5;8;15;19;10;21;1;7
1872;13;1;14;9;20;22;25;8;6;19;17;2;15;21;23
1871;1;24;4;5;13;11;6;8;2;22;7;23;18;14;20
1870;16;25;24;3;1;2;20;4;22;7;10;21;18;6;15
1869;15;24;23;4;17;25;13;21;22;2;1;14;11;10;18
1868;2;11;10;16;8;1;5;21;4;19;24;17;13;14;6
1867;5;13;6;17;1;4;15;7;8;12;16;9;18;2;25
1866;12;21;4;25;23;16;13;14;3;20;2;11;1;5;10
1865;7;2;19;21;3;12;5;14;10;20;25;17;11;6;24
1864;24;10;6;25;14;21;12;3;20;2;9;7;18;8;16
1863;5;8;21;6;14;25;16;9;18;4;2;3;24;22;10
1862;16;21;20;7;3;13;5;18;11;2;23;4;19;24;10
1861;22;6;24;25;18;14;16;7;9;3;8;5;13;2;23
1860;3;24;15;22;1;10;11;2;17;18;21;5;4;19;23
1859;20;6;12;7;21;25;3;13;17;8;24;19;9;16;22
1858;25;3;2;15;17;13;9;21;8;20;7;4;18;22;11
1857;17;22;15;24;25;7;14;2;9;6;4;20;16;23;8
1856;18;10;11;1;3;4;13;16;20;8;23;7;21;17;12
1855;17;15;11;12;1;13;16;20;7;14;24;23;25;5;4
1854;16;4;15;20;8;24;17;5;14;13;22;18;11;6;3
1853;3;15;20;22;1;13;24;5;14;10;17;11;9;16;23
1852;1;19;20;17;12;9;25;24;3;23;10;21;6;13;18
1851;10;19;1;20;16;5;25;13;23;22;6;11;7;8;9
1850;20;15;7;11;21;23;4;5;10;12;16;18;24;14;25
1849;25;21;19;22;17;1;9;13;18;12;11;5;23;14;24
1848;11;15;24;9;3;13;17;21;8;22;7;16;20;18;2
1847;15;19;7;14;23;2;17;3;8;24;1;18;20;5;9
1846;20;3;25;19;18;2;10;9;1;12;15;14;24;11;22
1845;20;11;23;8;6;4;19;17;18;14;15;3;10;21;5
1844;12;17;14;25;5;11;16;15;21;6;8;3;1;23;7
1843;15;6;17;21;8;14;12;24;19;22;16;20;11;4;7
1842;9;19;14;20;3;13;4;12;6;21;5;16;23;17;11
1841;8;3;1;7;6;21;25;2;13;18;17;12;11;4;22
1840;16;6;14;11;7;15;10;19;21;24;12;2;3;13;17
1839;19;1;15;24;25;3;17;23;8;14;4;6;9;18;7
1838;3;9;23;12;16;5;25;21;10;1;8;22;20;15;18
1837;11;12;13;8;16;24;25;5;15;9;21;1;4;6;14
1836;6;15;4;1;3;17;7;9;14;24;18;25;8;12;19
1835;1;4;16;23;20;11;18;21;15;24;7;14;6;13;22
1834;21;23;13;18;20;6;15;5;12;17;19;22;14;2;8
1833;24;23;11;20;12;9;25;15;21;14;16;1;19;7;18
1832;19;10;21;7;8;20;22;2;11;23;25;9;18;24;16
1831;21;20;23;8;10;18;19;2;12;14;4;9;22;16;5
1830;12;1;11;14;3;24;10;19;5;20;23;8;18;17;22
1829;5;13;7;19;21;16;15;3;10;24;22;4;11;2;23
1828;19;13;7;5;6;1;15;21;11;23;12;24;8;9;2
1827;14;13;24;12;19;22;10;17;6;3;4;21;7;18;1
1826;12;2;25;9;22;1;21;8;7;14;19;11;13;5;10
1825;9;10;15;23;22;1;16;21;7;8;11;20;14;3;17
1824;18;20;23;9;16;25;2;11;21;13;14;8;5;17;6
1823;10;19;22;13;6;15;3;7;17;8;16;9;18;5;12
1822;25;19;9;24;21;16;14;17;20;13;1;6;4;12;18
1821;25;10;21;5;17;7;3;4;16;13;9;20;14;19;2
1820;18;17;1;13;22;4;19;10;20;14;7;25;16;5;21
1819;15;14;10;1;9;11;16;17;6;19;23;12;18;13;20
1818;1;16;10;21;14;4;24;8;6;11;15;5;9;23;19
1817;21;24;4;7;22;23;16;18;14;17;9;11;15;1;10
1816;9;11;21;14;15;2;1;20;16;13;7;18;6;8;4
1815;15;20;24;6;7;25;13;19;12;3;18;14;10;11;21
1814;14;7;12;18;5;25;19;2;15;16;23;24;1;21;3
1813;14;16;5;17;1;2;13;23;11;25;4;15;8;20;7
1812;24;21;18;12;13;2;9;25;7;23;20;11;4;19;6
1811;14;18;2;4;21;24;5;20;12;7;6;10;8;3;13
1810;4;1;16;14;12;9;3;7;21;22;6;13;24;25;19
1809;6;1;20;24;14;18;13;16;4;25;9;2;5;17;23
1808;16;24;5;7;11;18;13;22;12;8;3;20;15;19;25
1807;24;7;13;5;1;25;3;8;17;18;20;9;19;14;2
1806;21;2;14;15;16;19;20;25;4;5;7;11;9;1;23
1805;16;18;24;1;15;22;10;23;2;20;4;5;14;9;6
1804;17;13;10;20;22;5;9;19;15;1;24;25;14;8;11
1803;23;9;3;5;7;21;18;6;20;17;19;11;4;24;15
1802;11;12;2;21;5;16;25;15;20;8;24;23;19;14;1
1801;5;1;23;7;24;10;17;18;12;22;13;20;19;4;15
1800;8;7;14;20;21;2;5;16;10;1;15;6;13;12;22
1799;23;5;4;11;2;18;25;22;15;20;10;12;3;24;8
1798;20;9;3;2;13;12;16;14;23;21;15;4;19;7;5
1797;19;6;5;7;24;11;18;9;14;3;15;25;17;10;16
1796;15;19;20;18;5;25;1;12;16;3;23;21;10;24;9
1795;10;8;4;19;17;16;22;13;25;18;2;24;7;9;23
1794;13;16;10;18;21;19;5;11;3;4;24;8;25;22;7
1793;20;10;3;13;18;5;19;1;11;16;24;6;2;23;21
1792;9;15;13;6;7;24;10;25;14;22;3;2;16;17;21
1791;7;2;13;18;15;1;22;20;24;5;10;19;4;8;17
1790;21;6;3;2;24;11;12;25;23;8;18;15;13;1;17
1789;25;21;9;17;8;13;3;24;15;1;22;19;11;14;5
1788;1;6;2;19;18;11;15;13;9;17;14;23;20;7;10
1787;1;12;4;18;7;20;11;10;2;25;14;21;6;19;23
1786;7;20;6;5;21;1;17;12;16;24;3;23;22;4;18
1785;7;6;23;14;1;19;8;5;11;25;9;16;4;17;21
1784;10;1;4;25;19;7;22;11;9;23;17;14;13;18;3
1783;18;25;12;8;20;24;22;4;11;14;3;23;15;10;21
1782;19;1;25;7;20;22;13;8;3;17;2;15;14;12;18
1781;10;15;19;7;9;8;20;22;16;4;18;1;11;5;21
1780;16;22;5;25;11;14;9;4;13;17;15;3;10;8;6
1779;22;19;25;3;2;21;20;23;24;18;9;4;6;8;15
1778;16;19;1;3;8;11;18;21;13;9;24;5;23;10;6
1777;24;21;6;14;8;16;10;25;12;15;18;2;4;20;19
1776;11;25;19;17;12;24;7;23;18;6;13;3;22;4;2
1775;19;17;15;6;11;9;7;16;18;3;8;14;20;23;12
1774;12;7;10;19;25;15;13;23;24;3;20;22;14;9;17
1773;8;16;19;18;13;2;10;25;9;5;17;24;15;21;1
1772;5;19;10;13;9;7;4;24;20;1;14;16;3;21;25
1771;24;11;21;17;13;25;18;19;6;7;15;16;23;10;2
1770;21;2;11;18;20;5;7;19;23;14;12;4;15;22;25
1769;10;3;7;12;23;8;14;20;5;25;16;13;1;17;18
1768;10;25;4;12;18;19;14;17;20;6;23;1;2;24;22
1767;9;15;2;20;5;19;24;16;6;4;7;25;11;10;23
1766;7;10;23;15;16;1;20;12;21;14;8;3;11;13;9
1765;22;5;14;4;17;25;8;13;18;2;21;1;9;3;11
1764;15;6;2;25;19;14;23;17;4;20;16;7;1;12;10
1763;16;24;10;1;8;5;9;11;14;4;15;2;13;3;21
1762;20;22;5;12;17;6;25;7;21;1;23;16;8;2;15
1761;11;21;2;19;13;25;3;17;9;5;10;6;20;1;18
1760;16;23;15;25;14;24;7;1;5;20;6;4;12;3;18
1759;18;22;8;16;14;5;10;23;6;3;4;15;1;2;19
1758;23;22;9;4;17;20;12;19;2;10;14;1;7;8;13
1757;15;18;3;10;25;13;14;4;7;17;20;23;21;22;1
1756;17;13;16;12;6;2;5;24;23;19;8;7;21;1;22
1755;9;3;25;21;2;22;18;8;20;23;11;1;19;16;13
1754;5;17;1;3;20;2;14;13;25;12;24;4;21;10;15
1753;12;3;8;17;24;5;15;2;6;9;22;25;13;1;21
1752;15;7;4;13;16;6;22;9;20;18;3;1;12;17;8
1751;7;18;3;24;1;4;6;10;22;19;15;13;9;12;25
1750;20;17;18;13;4;24;7;12;1;16;10;19;23;22;6
1749;19;4;9;24;12;25;6;21;15;13;20;22;23;16;2
1748;5;10;1;3;9;19;17;11;18;7;22;25;12;21;6
1747;20;21;10;16;13;15;8;17;7;1;4;25;5;6;19
1746;3;6;19;15;22;25;12;4;11;7;16;10;8;23;9
1745;6;11;10;25;18;4;9;20;24;16;21;3;8;2;7
1744;13;19;10;21;18;24;1;17;20;11;23;6;12;15;5
1743;5;6;21;15;13;25;17;22;7;18;24;11;19;10;8
1742;25;16;9;10;18;14;4;21;15;1;12;20;17;8;6
1741;15;18;25;16;5;8;19;1;20;21;12;23;17;11;22
1740;4;8;22;6;11;5;9;18;16;24;10;1;19;2;3
1739;3;5;24;14;4;19;16;8;7;2;20;6;12;22;11
1738;18;13;3;10;24;19;14;9;6;22;1;20;23;21;17
1737;10;4;12;16;25;11;22;18;6;19;5;24;15;2;20
1736;25;6;12;13;9;3;16;15;11;7;23;18;19;24;22
1735;13;6;14;19;21;10;24;1;3;15;25;12;20;23;2
1734;2;15;22;16;21;6;3;25;1;7;8;24;17;10;11
1733;25;9;21;16;15;23;2;12;14;5;19;13;8;1;4
1732;3;14;20;17;12;22;9;21;24;18;19;10;5;13;1
1731;3;8;22;19;17;13;7;24;14;5;25;1;9;10;20
1730;24;15;23;7;1;13;12;22;25;18;8;10;14;19;16
1729;21;12;9;25;10;14;6;18;16;2;1;4;11;24;8
1728;2;7;14;17;21;15;3;10;6;11;5;9;12;22;8
1727;7;1;13;5;10;6;20;22;2;16;24;15;9;14;21
1726;20;19;12;3;11;10;1;15;8;5;14;25;6;22;17
1725;1;12;25;13;19;14;24;5;8;21;18;6;23;15;22
1724;15;22;20;9;11;10;7;16;13;23;21;6;5;18;12
1723;10;1;6;11;22;7;2;4;17;14;13;19;21;18;12
1722;11;12;5;17;4;21;23;25;14;2;8;22;19;7;15
1721;25;6;16;11;1;5;4;15;21;8;24;3;13;19;14
1720;9;13;20;11;25;17;23;4;22;18;3;24;15;10;2
1719;4;21;2;24;6;25;15;20;17;18;23;13;11;3;10
1718;17;8;3;5;24;6;21;12;20;22;2;11;10;18;7
1717;8;21;15;14;9;3;22;10;24;23;4;5;1;11;7
1716;25;11;12;24;23;4;17;16;5;10;7;1;22;3;13
1715;19;25;1;22;24;8;4;21;2;11;18;17;16;13;6
1714;18;6;10;8;5;19;23;15;21;14;24;7;3;1;22
1713;4;20;15;24;13;12;10;9;23;17;19;8;16;21;1
1712;7;5;13;17;10;24;23;15;3;6;1;16;25;14;18
1711;11;14;18;8;23;19;5;3;4;21;13;20;2;1;10
1710;7;2;20;21;5;22;12;4;24;10;17;25;9;6;11
1709;21;13;22;24;3;12;15;11;5;18;1;19;23;20;4
1708;14;13;9;2;1;17;3;10;8;12;18;7;4;6;22
1707;12;21;2;18;17;25;11;22;10;13;23;9;5;16;19
1706;9;2;4;3;7;12;15;13;5;17;21;18;8;20;14
1705;24;20;18;14;19;3;21;4;2;12;9;23;5;16;17
1704;7;18;9;6;2;4;16;20;22;13;14;19;12;10;11
1703;22;18;1;16;9;8;13;17;3;19;14;10;6;12;15
1702;15;10;3;4;7;17;18;14;25;5;22;19;16;11;8
1701;8;6;1;22;2;17;5;16;21;3;10;7;18;13;20
1700;2;8;6;23;24;13;16;12;1;21;7;3;22;14;20
1699;6;21;23;15;8;13;24;9;16;25;10;19;4;14;5
1698;18;20;14;3;2;16;8;19;25;22;9;13;5;21;4
1697;24;23;20;6;22;21;3;10;13;19;25;4;7;18;17
1696;8;12;18;17;10;16;4;5;19;24;7;2;13;14;23
1695;21;13;14;17;22;23;4;9;1;24;18;11;5;25;20
1694;12;11;19;2;24;3;13;5;18;4;17;23;1;9;20
1693;1;19;3;11;22;17;23;14;21;16;20;4;6;7;8
1692;25;22;23;5;18;20;7;15;24;6;17;12;10;14;3
1691;1;13;3;8;4;5;19;7;10;18;12;15;2;16;11
1690;2;16;1;20;15;8;19;5;10;13;7;4;23;25;22
1689;11;7;14;9;6;16;13;1;10;19;23;2;18;22;17
1688;3;24;8;10;19;21;5;13;25;1;22;7;6;15;4
1687;9;19;1;24;2;4;6;20;17;10;14;7;18;3;16
1686;10;15;20;18;19;13;5;17;22;9;23;6;24;2;4
1685;16;11;17;3;2;7;21;12;5;1;24;22;14;19;6
1684;17;9;7;10;13;16;14;12;23;25;4;22;2;15;24
1683;9;13;2;18;15;1;10;17;5;23;24;16;3;25;11
1682;20;15;1;7;13;25;17;9;19;21;18;12;4;6;5
1681;25;8;11;22;20;1;2;7;12;17;15;16;3;10;23
1680;20;13;23;18;25;10;8;2;1;21;12;7;14;3;11
1679;17;19;7;8;10;5;20;21;11;14;23;9;15;16;12
1678;4;16;5;23;6;9;1;24;14;19;8;3;18;20;22
1677;12;9;14;19;17;22;6;16;15;20;11;1;4;18;5
1676;10;25;23;13;8;18;16;3;20;15;9;12;4;14;24
1675;5;14;3;22;7;25;9;21;19;8;2;20;1;23;12
1674;24;9;10;1;5;15;19;21;20;11;2;23;12;4;22
1673;11;9;2;17;5;20;7;1;25;12;24;19;15;4;23
1672;22;18;11;17;25;9;6;8;3;2;5;23;21;24;20
1671;9;15;12;18;8;5;19;4;21;14;25;22;3;10;1
1670;1;13;22;20;14;4;3;16;25;17;2;21;23;11;7
1669;1;8;3;16;5;9;17;7;2;25;6;21;20;12;23
1668;11;17;21;4;16;18;12;5;24;6;14;20;23;25;8
1667;25;24;13;22;4;3;8;18;20;2;1;10;23;11;16
1666;17;21;25;13;12;10;2;1;24;8;5;20;9;6;14
1665;4;5;15;18;23;1;13;17;12;8;22;24;10;2;21
1664;11;4;16;15;7;25;13;18;20;5;17;24;2;6;8
1663;9;12;2;17;21;5;11;23;13;1;7;16;22;6;3
1662;3;13;5;2;11;25;20;22;18;17;10;14;8;1;21
1661;13;7;21;14;12;18;2;17;5;23;22;6;10;3;11
1660;2;10;1;24;13;14;3;25;21;17;7;18;11;20;8
1659;16;25;21;8;15;23;4;14;10;20;9;7;22;12;2
1658;6;7;17;19;20;8;13;12;15;4;18;2;23;16;5
1657;6;18;3;24;17;23;12;4;15;21;10;19;8;20;9
1656;5;2;13;7;24;11;20;19;3;12;10;15;17;23;4
1655;16;19;2;10;6;22;7;20;1;12;14;18;3;5;23
1654;16;20;22;23;3;18;19;13;25;4;2;10;1;6;11
1653;6;20;22;23;17;2;4;7;15;5;12;21;24;25;14
1652;24;25;18;2;5;10;14;6;16;7;17;11;3;4;21
1651;6;24;16;17;19;1;7;20;8;22;3;10;4;2;18
1650;4;13;14;22;25;3;16;10;20;17;15;18;5;19;8
1649;15;22;18;8;13;24;16;5;20;9;4;14;12;17;23
1648;24;13;21;19;4;25;10;15;17;16;9;12;22;11;23
1647;20;1;24;14;12;19;2;22;7;10;4;9;8;25;15
1646;22;9;4;7;25;3;15;13;6;5;1;12;20;18;17
1645;10;16;4;15;2;18;23;3;20;8;9;5;14;21;25
1644;5;18;3;2;6;13;7;24;9;11;8;23;15;4;22
1643;1;10;7;22;19;12;25;16;23;2;14;4;5;3;9
1642;18;19;11;7;5;24;22;6;15;10;13;20;17;25;2
1641;19;25;3;20;4;17;12;21;8;22;14;9;16;5;11
1640;17;16;25;14;12;4;2;15;20;21;22;24;6;5;1
1639;3;1;10;7;22;9;25;15;20;11;14;8;6;5;19
1638;8;7;1;16;15;22;24;20;11;10;19;12;14;25;23
1637;18;5;22;24;12;14;17;19;11;4;3;13;7;15;8
1636;14;12;3;7;9;8;18;25;2;19;20;6;22;15;13
1635;21;19;12;25;1;16;15;3;6;8;17;23;24;22;7
1634;3;9;7;4;14;25;21;13;5;19;10;24;22;15;6
1633;7;19;9;18;20;23;6;25;1;24;17;10;3;2;5
1632;23;4;25;22;8;21;5;16;18;13;20;12;24;15;14
1631;23;11;22;4;10;18;12;20;19;5;2;14;9;25;3
1630;8;9;23;25;22;17;3;15;14;13;20;12;7;5;10
1629;12;1;15;6;24;2;5;25;14;7;10;18;9;3;22
1628;9;22;20;17;16;19;11;6;1;24;23;3;25;12;18
1627;20;17;13;4;3;24;11;6;21;2;14;9;8;15;12
1626;1;20;11;16;15;17;24;10;8;13;9;7;3;21;4
1625;8;19;13;3;20;21;2;17;24;10;12;16;22;18;6
1624;20;1;18;17;14;15;16;9;11;24;6;23;2;8;7
1623;17;4;13;10;2;7;8;1;20;3;19;24;14;11;6
1622;18;16;9;1;20;11;23;17;22;2;3;24;8;4;25
1621;18;21;24;10;19;8;13;23;22;2;6;14;3;4;9
1620;20;4;11;1;10;13;9;21;14;18;12;2;25;24;7
1619;15;24;7;4;16;8;17;13;11;21;22;10;18;5;25
1618;19;1;25;8;3;4;20;14;10;24;5;17;9;13;16
1617;8;12;25;6;13;9;22;7;20;5;10;23;14;15;2
1616;17;10;8;23;11;13;4;16;18;14;22;24;1;2;5
1615;6;10;20;9;16;4;21;17;25;2;5;1;19;11;7
1614;19;13;14;1;2;9;17;16;15;3;21;10;7;12;23
1613;2;3;21;1;8;18;14;9;17;6;4;13;19;16;10
1612;14;2;12;7;15;21;3;18;25;23;5;22;11;4;24
1611;6;3;14;22;10;11;15;8;12;4;7;1;9;20;24
1610;24;21;16;11;20;17;13;6;22;10;19;14;3;7;9
1609;14;6;21;5;18;8;20;17;24;25;7;23;11;9;13
1608;5;1;14;10;17;6;20;25;3;2;18;9;22;23;21
1607;14;18;9;15;24;6;3;7;11;1;12;17;8;2;13
1606;1;20;22;14;8;3;19;10;9;23;7;15;5;11;25
1605;17;21;14;11;16;19;4;8;10;18;25;5;9;23;2
1604;8;3;12;22;6;21;10;15;5;9;19;4;7;13;24
1603;13;24;16;3;21;23;9;4;19;7;20;1;2;10;14
1602;3;9;23;13;24;15;14;11;1;21;10;8;17;4;19
1601;11;8;9;22;20;25;14;15;10;12;13;6;4;2;18
1600;22;7;16;5;9;23;24;14;13;17;3;2;4;20;18
1599;9;18;6;10;1;20;5;25;14;4;23;22;21;8;3
1598;18;13;19;16;2;6;15;17;24;20;7;10;21;12;5
1597;7;1;21;5;8;22;9;17;19;20;24;13;6;18;2
1596;21;11;22;9;5;20;13;15;18;8;10;12;23;19;24
1595;6;4;22;18;17;25;13;2;1;20;7;11;9;10;3
1594;8;16;10;13;12;17;1;19;6;11;21;15;2;4;25
1593;20;8;14;3;16;24;11;5;22;13;7;4;9;10;17
1592;4;22;2;3;15;14;6;25;16;20;19;1;5;9;12
1591;19;23;5;17;1;3;11;22;7;12;20;24;8;10;21
1590;3;14;20;5;7;8;16;18;1;22;23;25;10;17;21
1589;3;25;24;14;22;4;12;13;6;23;15;17;18;2;1
1588;1;21;17;23;11;15;7;4;22;5;10;9;20;3;14
1587;21;22;17;25;19;16;8;2;14;20;15;3;7;11;5
1586;1;13;20;18;11;19;23;25;12;24;22;16;10;4;3
1585;11;9;18;17;5;19;23;1;4;2;25;7;24;21;6
1584;1;2;17;25;14;16;24;15;5;6;20;11;3;12;19
1583;3;4;19;16;7;9;15;25;17;10;14;23;20;2;6
1582;11;24;10;8;18;16;5;14;23;7;2;19;1;17;25
1581;20;12;6;4;8;16;5;7;13;24;25;3;21;23;11
1580;18;12;7;4;11;22;13;14;10;20;25;15;16;3;23
1579;16;1;21;23;15;2;22;14;18;10;13;12;7;4;6
1578;13;12;22;9;8;4;21;18;6;17;24;16;10;19;14
1577;18;17;24;7;11;10;6;3;16;9;19;5;13;21;15
1576;25;15;11;18;2;12;5;9;1;21;14;8;20;7;16
1575;17;16;22;9;12;11;1;23;5;3;10;25;14;7;6
1574;7;6;12;1;3;15;21;17;14;5;2;10;11;22;18
1573;19;18;17;11;23;6;8;2;10;13;7;12;14;15;16
1572;24;9;23;19;5;21;16;8;13;10;22;4;6;18;2
1571;19;1;3;17;14;6;24;11;7;5;18;4;23;25;12
1570;20;7;11;3;16;1;19;13;18;9;24;8;25;23;21
1569;12;16;4;13;24;21;2;23;10;20;18;9;14;8;25
1568;4;22;10;1;19;13;7;3;2;6;17;24;11;21;16
1567;11;19;14;3;21;7;9;10;18;2;24;12;17;15;5
1566;7;1;24;19;13;23;14;4;9;15;5;2;16;25;8
1565;25;13;3;18;10;24;6;17;12;1;11;9;7;15;8
1564;18;16;17;21;6;8;24;9;12;3;20;11;19;13;4
1563;23;12;9;20;5;17;18;1;3;6;13;2;21;22;10
1562;8;2;12;17;6;14;18;9;3;7;16;5;4;11;1
1561;7;20;22;16;6;15;8;12;13;21;25;18;3;5;24
1560;2;1;24;17;18;8;3;4;20;9;7;11;25;5;14
1559;7;16;25;19;23;6;18;20;5;4;11;14;9;3;10
1558;18;25;5;15;9;21;14;1;11;16;17;2;22;6;4
1557;5;6;3;9;16;24;21;17;20;25;18;4;12;2;22
1556;1;15;19;6;8;23;16;12;21;5;17;2;25;3;22
1555;23;10;12;22;9;16;20;14;6;25;13;18;2;1;8
1554;14;3;8;5;13;16;7;1;18;10;9;24;25;19;4
1553;19;11;4;12;22;17;21;8;18;2;1;13;15;9;25
1552;19;24;21;7;14;15;12;22;8;3;2;16;25;9;20
1551;1;7;5;14;17;22;20;23;25;13;3;19;15;11;8
1550;14;20;24;8;17;22;23;4;13;16;15;3;5;7;25
1549;1;5;13;11;23;10;3;18;7;24;20;2;8;25;4
1548;4;11;9;14;2;10;18;3;17;15;21;20;22;23;12
1547;17;8;25;19;11;6;18;13;21;5;9;2;1;15;10
1546;20;22;1;25;3;8;15;19;11;14;18;10;6;24;7
1545;16;20;7;17;11;3;8;23;10;15;12;22;5;25;24
1544;9;12;22;24;8;17;23;2;11;14;16;4;7;1;21
1543;13;7;9;12;25;23;6;19;20;8;24;2;15;17;1
1542;16;7;11;24;17;2;10;8;22;3;5;21;20;13;15
1541;18;19;3;20;2;11;13;4;25;22;15;5;21;7;14
1540;22;10;23;15;2;9;11;7;19;3;14;16;17;1;12
1539;4;16;21;13;20;14;18;12;17;19;8;1;3;25;11
1538;21;13;8;19;23;10;15;2;18;7;5;17;9;14;4
1537;18;22;20;21;24;13;14;17;4;10;3;11;1;15;2
1536;3;9;12;13;20;6;1;19;25;7;10;8;5;23;11
1535;15;22;7;8;5;17;25;3;24;4;18;23;13;12;21
1534;10;11;9;4;5;21;17;13;24;16;8;1;12;19;14
1533;1;19;4;15;14;16;11;6;20;7;21;13;3;12;24
1532;1;25;13;3;17;12;22;9;10;8;20;18;11;2;14
1531;22;13;11;23;1;3;24;4;15;8;14;19;10;2;7
1530;7;15;5;4;2;22;12;9;20;10;24;18;23;14;16
1529;19;21;8;5;3;20;24;4;11;13;16;18;17;14;2
1528;21;18;23;8;9;1;5;20;2;6;10;24;17;25;4
1527;14;10;9;3;2;15;25;22;5;21;1;24;20;6;7
1526;8;11;10;18;21;7;17;25;13;20;15;23;22;5;9
1525;1;25;8;15;4;19;22;21;12;14;18;2;20;10;5
1524;20;8;9;5;13;3;6;22;23;24;7;1;25;14;10
1523;19;9;3;5;6;21;13;7;23;16;25;14;10;12;18
1522;19;13;9;11;16;21;8;23;18;1;10;14;24;20;15
1521;4;19;14;23;8;20;12;24;5;17;3;2;7;1;15
1520;16;13;12;4;19;8;14;25;2;9;17;1;24;18;10
1519;23;18;24;21;17;22;1;16;6;20;13;8;4;14;25
1518;12;2;7;3;11;20;24;4;14;17;25;16;5;22;8
1517;25;3;18;23;5;12;11;2;8;21;15;24;10;14;20
1516;18;11;24;14;12;1;16;2;23;19;10;22;7;20;6
1515;3;1;19;12;9;5;13;11;17;20;16;23;8;18;2
1514;11;21;20;8;19;16;3;4;24;5;13;15;12;17;7
1513;18;6;16;24;4;9;11;22;10;3;13;12;21;14;7
1512;3;21;22;16;17;15;13;12;19;2;6;4;24;10;11
1511;23;9;12;11;24;2;8;21;20;10;5;4;19;15;13
1510;15;3;7;11;13;12;18;24;10;4;8;9;22;1;19
1509;22;2;24;3;17;14;15;19;7;8;6;13;1;18;9
1508;7;23;3;22;14;9;24;11;19;10;8;17;1;21;12
1507;5;14;10;11;17;4;19;13;24;3;1;8;23;2;21
1506;3;13;5;8;22;10;19;9;14;17;24;4;21;18;20
1505;7;25;16;2;24;19;20;11;3;1;6;14;22;18;17
1504;11;25;24;21;18;19;23;7;8;17;1;12;14;5;4
1503;22;12;7;3;16;17;2;21;20;25;18;23;15;1;24
1502;4;18;22;3;17;13;15;11;24;2;12;5;20;7;1
1501;10;1;8;6;13;25;9;21;22;7;11;17;16;24;18
1500;3;13;2;22;7;15;20;5;10;1;17;11;18;12;19
1499;15;23;12;2;4;5;3;14;13;24;18;8;7;1;19
1498;16;25;14;17;7;23;10;5;15;18;11;4;21;8;24
1497;22;5;12;7;11;2;19;14;13;18;23;17;1;15;16
1496;7;13;9;25;23;17;3;10;2;19;6;20;15;11;12
1495;13;23;24;5;3;22;10;2;18;4;14;25;8;1;12
1494;2;9;13;11;3;20;19;4;25;15;10;22;12;17;1
1493;10;19;14;24;25;21;2;13;20;11;16;23;5;15;8
1492;15;3;5;25;8;4;19;18;12;10;16;24;7;17;2
1491;20;14;2;13;23;9;19;11;5;7;25;6;24;4;22
1490;5;22;19;4;20;15;11;9;18;7;3;1;14;8;13
1489;25;12;14;22;20;19;2;7;9;15;23;4;8;10;13
1488;19;23;21;11;25;24;10;6;20;5;12;1;4;13;16
1487;21;15;3;19;25;5;22;6;4;12;1;2;11;10;16
1486;22;9;8;18;14;12;2;21;25;4;5;10;23;20;19
1485;5;24;17;1;11;2;15;23;13;18;3;25;9;19;8
1484;17;2;6;18;22;7;21;19;3;25;4;1;9;12;10
1483;6;3;20;5;17;21;9;15;14;13;11;7;23;4;22
1482;12;23;7;2;9;8;11;24;1;4;15;10;19;5;14
1481;25;11;23;7;2;20;18;8;9;3;24;21;17;19;5
1480;6;25;16;10;12;22;11;20;1;7;13;21;17;15;19
1479;13;15;18;22;3;9;17;5;23;6;14;20;16;2;11
1478;6;21;12;15;25;19;7;10;17;11;2;24;16;5;18
1477;21;23;7;4;5;2;10;3;1;12;22;15;17;6;18
1476;4;14;19;9;10;13;16;7;25;21;2;6;12;5;22
1475;24;15;18;13;2;20;3;1;21;9;6;10;25;12;5
1474;8;20;7;1;18;15;14;2;13;19;21;5;10;11;25
1473;20;4;8;7;12;14;25;22;23;16;5;10;1;9;24
1472;14;18;8;10;4;24;22;13;7;12;2;5;23;3;21
1471;8;18;13;4;10;7;15;6;22;11;2;21;20;1;24
1470;14;21;23;3;12;18;24;7;22;15;20;13;11;8;2
1469;5;16;6;3;8;11;7;9;2;13;20;19;18;1;17
1468;20;19;5;13;12;3;23;8;24;21;18;14;6;11;2
1467;9;10;25;20;19;22;12;21;6;4;1;5;24;11;23
1466;10;12;3;6;14;11;24;2;21;23;19;20;25;22;4
1465;24;12;19;10;8;16;23;9;22;21;5;7;20;14;2
1464;23;11;9;12;16;17;24;13;4;15;14;18;10;1;22
1463;23;7;11;20;10;4;22;15;6;17;19;13;3;24;14
1462;9;14;17;12;1;21;3;7;20;4;16;5;25;13;24
1461;9;10;21;24;5;4;17;2;19;18;25;15;6;23;11
1460;17;16;11;7;18;14;20;3;21;1;19;5;15;24;25
1459;12;6;14;16;25;1;18;13;24;4;19;9;17;10;20
1458;20;11;17;18;7;3;1;22;24;19;9;5;2;23;14
1457;14;23;8;15;4;2;9;1;18;10;3;13;7;24;11
1456;8;13;20;6;25;19;15;12;1;7;2;14;24;9;21
1455;15;23;20;2;17;21;16;14;7;5;19;18;22;8;25
1454;10;22;1;25;3;18;21;19;13;14;12;4;23;20;7
1453;2;8;13;15;1;24;19;25;5;23;16;14;21;9;10
1452;8;25;17;2;10;11;7;14;20;24;13;21;5;15;23
1451;5;24;3;12;13;14;20;23;25;19;10;21;1;15;2
1450;13;16;20;5;14;17;8;24;2;19;4;22;1;10;9
1449;23;7;6;20;4;9;16;8;3;22;11;15;5;1;24
1448;23;24;5;21;1;19;4;18;6;13;8;3;22;12;16
1447;25;5;13;17;4;21;19;3;24;12;22;8;11;1;18
1446;13;22;17;4;21;25;23;20;12;24;1;16;8;7;6
1445;8;6;15;20;13;4;5;1;18;25;23;16;17;10;22
1444;24;18;6;10;2;17;4;9;11;20;5;21;14;1;15
1443;16;10;7;2;17;1;8;14;11;5;24;9;12;15;3
1442;1;12;15;16;20;11;9;21;3;2;19;13;7;17;4
1441;22;9;1;16;6;5;4;11;19;10;25;13;23;3;7
1440;12;3;20;22;17;18;8;10;21;25;14;2;13;24;16
1439;14;12;11;5;3;15;16;2;22;24;17;19;1;18;13
1438;1;10;8;21;4;24;11;17;15;14;7;9;20;12;22
1437;7;9;19;4;6;25;2;8;11;23;14;5;20;13;17
1436;5;6;19;3;23;24;2;1;8;18;11;22;12;17;15
1435;4;17;5;20;1;10;6;16;2;19;23;3;9;21;12
1434;4;13;6;3;5;9;7;22;18;24;23;10;12;19;15
1433;16;14;23;9;22;6;20;12;15;25;3;7;10;24;18
1432;25;17;4;24;18;11;23;12;3;1;16;5;20;21;10
1431;16;14;9;8;19;20;10;23;12;2;1;15;25;7;17
1430;1;20;4;16;23;8;21;7;22;13;5;25;3;9;15
1429;15;19;25;20;14;13;16;18;8;9;7;10;5;12;21
1428;22;13;17;2;6;9;5;18;3;8;21;20;4;25;19
1427;18;17;15;1;14;16;20;2;25;12;11;22;10;19;7
1426;10;2;14;16;4;3;18;23;8;12;22;7;15;25;24
1425;16;9;3;11;4;13;5;14;12;21;1;19;20;8;25
1424;11;2;20;13;18;25;4;17;5;23;21;10;8;6;9
1423;2;7;19;8;1;13;12;11;4;22;15;23;16;5;14
1422;11;16;14;15;7;19;22;5;13;17;23;10;4;24;1
1421;6;24;9;19;18;3;11;7;20;17;5;8;12;23;14
1420;13;6;1;15;16;25;17;4;22;14;8;10;23;7;20
1419;7;18;23;15;6;16;12;17;21;24;3;19;20;11;2
1418;21;2;13;14;9;6;11;23;20;15;4;18;10;22;17
1417;4;19;11;14;1;7;13;15;3;9;2;6;18;22;23
1416;8;14;12;15;7;17;18;20;10;24;4;9;5;19;3
1415;25;18;6;17;24;13;19;2;12;4;23;15;10;22;5
1414;3;4;11;13;23;2;9;7;20;14;21;10;5;16;17
1413;17;5;16;4;2;6;9;10;13;21;18;3;7;8;25
1412;18;5;11;22;15;24;16;21;23;7;25;19;13;6;9
1411;9;5;13;23;1;17;21;14;8;12;16;7;10;6;15
1410;9;7;23;4;2;5;6;10;15;16;17;20;21;3;14
1409;4;17;7;8;2;6;14;1;12;16;25;22;11;24;19
1408;13;1;3;24;10;19;14;23;12;21;25;22;5;11;8
1407;5;24;20;10;25;1;6;22;2;12;13;23;7;4;21
1406;15;24;13;6;5;9;2;21;4;22;20;25;3;11;19
1405;24;9;20;11;18;23;14;19;4;2;10;15;16;3;7
1404;22;25;1;2;3;16;15;18;21;13;19;10;4;8;11
1403;17;21;5;16;8;11;23;4;15;12;25;13;3;9;10
1402;3;19;2;15;14;8;11;21;9;5;16;23;12;4;20
1401;4;8;22;25;21;14;3;24;1;5;19;7;15;6;18
1400;19;21;23;9;22;2;12;25;24;3;10;5;6;16;1
1399;12;25;9;4;6;21;8;19;13;24;22;5;15;14;17
1398;24;8;5;16;14;21;7;11;15;20;4;25;19;6;1
1397;11;1;25;18;13;22;14;21;6;9;8;3;12;5;4
1396;13;17;23;12;25;20;7;22;3;18;19;24;10;6;5
1395;17;22;16;12;23;25;6;13;19;8;7;18;11;5;14
1394;9;11;15;5;23;3;4;18;19;10;16;6;21;22;14
1393;9;3;11;20;22;23;13;14;10;7;18;5;17;12;4
1392;14;9;3;15;21;16;8;18;25;2;22;1;17;20;4
1391;3;15;16;21;5;24;1;25;19;11;6;10;12;20;17
1390;14;3;15;5;20;18;13;6;7;16;8;11;21;17;23
1389;20;8;15;2;18;17;6;5;1;10;12;4;14;16;21
1388;25;11;10;15;5;19;8;12;3;21;7;18;1;23;20
1387;16;24;4;11;12;5;7;9;6;14;1;3;18;13;15
1386;9;1;16;22;4;18;7;3;24;17;25;13;2;21;19
1385;19;12;23;18;4;10;17;14;8;9;5;13;20;15;11
1384;11;9;15;12;19;8;18;6;4;3;13;25;22;24;20
1383;22;2;25;15;16;7;8;17;14;24;9;21;13;6;20
1382;24;19;10;21;15;6;16;12;13;20;1;22;17;14;18
1381;18;16;14;9;1;8;21;12;25;19;17;6;10;4;13
1380;15;21;8;3;5;16;25;4;24;6;14;11;22;12;17
1379;17;7;14;2;18;5;10;1;12;4;15;22;21;9;8
1378;19;6;2;25;8;1;20;24;21;10;17;23;3;12;13
1377;10;15;5;19;12;1;6;9;25;13;17;8;20;22;21
1376;12;6;3;15;18;19;22;13;14;16;5;20;24;4;1
1375;18;20;24;15;25;11;14;23;6;9;22;16;1;10;5
1374;9;4;19;23;15;3;2;5;16;6;10;14;20;25;21
1373;5;4;6;18;17;7;3;20;24;8;12;2;21;23;1
1372;23;3;17;13;2;21;9;18;7;16;1;25;15;10;5
1371;25;22;5;15;20;19;3;13;21;24;18;23;17;4;7
1370;11;2;17;24;22;21;18;14;20;5;7;8;13;25;4
1369;18;5;4;11;24;22;10;14;9;12;3;13;16;17;21
1368;23;16;24;20;18;7;10;5;19;25;22;11;8;14;12
1367;14;7;23;4;2;5;3;6;20;15;17;18;16;9;24
1366;15;24;8;21;22;9;12;14;25;13;16;10;11;17;4
1365;22;25;23;15;21;19;6;14;12;2;24;3;20;9;10
1364;6;17;22;15;9;13;10;12;20;18;16;25;24;1;11
1363;12;7;14;16;15;17;5;10;19;20;22;13;21;9;23
1362;13;6;9;22;12;1;4;3;25;21;24;11;10;23;16
1361;5;14;11;19;4;25;18;15;20;12;23;17;13;1;16
1360;14;5;24;6;12;20;4;11;10;8;2;3;18;23;1
1359;18;11;9;13;5;3;17;7;14;8;15;16;20;23;21
1358;2;23;8;15;1;3;6;20;22;4;13;18;9;17;19
1357;22;9;21;7;12;15;23;13;3;17;10;11;18;20;8
1356;11;6;15;12;20;8;3;16;14;19;4;13;17;10;9
1355;2;4;7;15;20;16;24;3;21;1;22;8;18;6;11
1354;1;12;20;9;7;11;3;2;24;13;21;15;18;5;14
1353;14;8;21;24;5;18;3;9;25;10;23;12;22;11;7
1352;16;11;15;19;24;13;20;6;25;10;23;8;14;21;12
1351;7;13;6;25;23;17;2;24;10;21;20;11;4;22;19
1350;9;23;11;19;12;20;8;6;21;13;18;1;5;16;14
1349;12;18;16;7;5;19;14;2;25;4;3;6;8;21;24
1348;7;24;8;14;15;21;1;18;2;20;6;22;25;9;10
1347;3;8;6;14;20;13;7;23;17;24;12;1;18;10;5
1346;19;10;2;18;3;8;14;15;7;23;5;21;20;25;11
1345;10;14;3;15;22;11;7;1;19;24;21;25;9;8;17
1344;6;17;25;21;8;18;23;11;13;2;7;10;4;24;12
1343;5;15;10;16;13;17;23;9;19;11;14;4;24;21;2
1342;12;21;5;23;10;13;1;24;25;9;15;3;2;20;11
1341;24;21;3;16;10;1;23;8;20;4;17;14;9;15;13
1340;10;13;16;9;19;5;18;4;12;7;14;17;22;1;2
1339;11;8;24;13;14;3;16;5;2;21;23;4;6;7;20
1338;16;7;6;17;1;13;14;4;10;19;11;3;15;12;2
1337;6;23;5;10;13;3;16;12;21;8;1;25;19;9;15
1336;6;9;20;12;19;10;14;13;8;24;15;18;11;17;22
1335;3;10;18;11;17;23;24;1;9;7;6;4;16;25;13
1334;10;15;11;4;19;3;9;17;18;21;13;16;6;22;7
1333;10;17;9;20;22;8;3;5;11;4;24;18;7;14;12
1332;21;16;11;13;18;8;24;12;4;14;6;20;5;15;1
1331;1;5;11;23;10;6;25;16;7;24;2;15;14;18;3
1330;17;20;10;5;12;23;22;24;4;25;16;18;19;13;7
1329;23;3;2;15;4;11;25;18;10;13;5;16;24;22;7
1328;16;15;10;5;22;23;24;13;21;8;6;9;25;2;17
1327;3;7;16;25;20;23;10;22;1;5;18;17;4;14;13
1326;9;6;21;17;22;25;1;24;8;3;4;10;19;20;18
1325;21;18;9;10;2;7;5;14;3;20;15;6;16;25;19
1324;4;11;1;10;8;19;18;24;21;13;17;6;25;5;7
1323;19;23;6;5;1;11;4;14;20;9;10;13;21;17;22
1322;21;9;15;25;6;7;18;8;24;17;16;2;13;11;1
1321;4;20;10;3;23;6;13;24;9;11;14;2;18;7;19
1320;17;5;16;22;23;4;11;21;9;12;15;3;13;2;25
1319;5;19;15;14;22;25;6;11;9;3;17;23;8;10;13
1318;12;23;17;8;14;6;9;4;1;3;13;2;20;7;15
1317;25;9;1;11;8;10;3;16;24;7;20;23;22;5;14
1316;20;12;23;25;1;24;6;17;2;4;3;19;5;15;11
1315;12;19;23;11;5;18;1;8;4;3;2;25;16;10;14
1314;14;24;19;16;10;22;25;18;5;15;8;11;3;21;9
1313;25;8;17;23;24;10;21;22;20;1;4;16;13;15;11
1312;25;18;4;11;19;1;20;2;9;6;13;24;23;7;5
1311;10;12;17;5;11;3;18;14;6;15;20;25;8;2;23
1310;23;19;10;4;17;8;18;15;5;1;21;7;3;2;11
1309;19;13;12;24;4;14;16;5;10;18;2;6;25;8;20
1308;16;11;6;19;17;14;9;22;25;8;20;7;23;5;3
1307;15;10;13;18;14;8;23;20;6;3;21;16;12;4;9
1306;2;22;13;15;14;6;9;23;19;18;5;20;1;7;12
1305;13;7;4;15;20;12;17;8;2;6;25;23;11;5;3
1304;8;20;13;10;18;7;1;19;25;2;17;11;14;21;3
1303;8;1;19;18;11;15;22;5;20;9;23;13;14;16;10
1302;22;12;3;20;14;17;9;16;13;25;18;4;6;11;15
1301;24;1;25;7;19;4;14;6;10;9;22;3;16;17;2
1300;25;10;24;14;9;15;13;23;20;11;6;18;2;12;7
1299;8;20;5;13;23;3;22;1;11;25;18;17;19;7;21
1298;24;4;25;20;6;18;22;12;17;9;23;3;2;21;7
1297;6;11;18;12;9;8;22;1;5;17;10;19;2;16;7
1296;23;7;18;10;20;15;17;9;5;14;11;25;19;16;21
1295;10;11;12;19;24;15;6;18;25;9;23;14;17;13;3
1294;13;8;16;18;12;14;11;20;2;23;5;7;25;10;6
1293;22;24;20;11;17;9;1;2;7;13;18;15;12;8;10
1292;23;24;17;8;2;25;10;22;15;1;3;7;11;19;14
1291;24;15;19;10;21;18;12;16;6;20;8;11;1;13;7
1290;25;23;11;16;3;13;6;14;20;4;21;5;22;1;19
1289;2;7;25;1;22;17;18;24;13;8;5;11;15;16;20
1288;13;5;20;2;18;24;23;1;9;10;19;25;16;15;17
1287;22;21;24;4;13;19;11;3;9;25;6;5;17;18;23
1286;23;12;21;16;11;20;19;10;1;4;3;25;17;7;5
1285;7;15;18;6;16;1;24;17;10;12;25;20;11;22;2
1284;13;23;18;16;8;17;11;5;10;7;22;25;20;2;4
1283;13;17;18;16;8;10;15;9;22;7;12;2;23;6;11
1282;21;7;12;6;11;19;20;17;5;14;10;9;22;25;23
1281;23;13;3;24;21;22;5;12;6;15;9;25;19;1;8
1280;19;25;23;22;14;7;24;3;17;1;11;5;9;15;4
1279;8;16;21;12;14;18;3;9;11;4;19;1;23;7;13
1278;21;24;18;19;20;7;22;9;4;16;17;15;10;6;12
1277;18;22;4;17;25;3;12;13;21;15;9;6;2;1;10
1276;19;14;21;3;22;16;15;23;18;7;1;5;10;12;24
1275;14;17;18;7;13;15;20;6;16;23;8;11;10;25;3
1274;18;25;14;22;1;15;7;20;8;3;13;11;10;12;19
1273;1;18;22;8;13;3;6;24;5;15;14;11;12;20;19
1272;21;15;4;14;9;25;20;18;23;10;17;1;24;19;7
1271;8;25;2;6;14;13;24;4;17;12;1;23;9;11;18
1270;5;3;23;8;25;2;10;1;13;11;6;4;21;9;20
1269;11;14;22;7;13;5;17;18;21;23;8;4;16;20;1
1268;18;1;11;7;21;24;13;15;3;2;8;22;17;12;6
1267;18;7;5;3;17;12;9;6;15;2;16;22;25;13;11
1266;20;15;23;8;3;11;6;14;13;2;1;5;24;9;10
1265;25;13;23;4;16;22;1;11;3;14;19;15;7;2;24
1264;23;4;11;12;22;25;5;14;8;1;21;17;24;10;18
1263;9;8;20;22;11;16;12;5;23;13;4;3;25;18;10
1262;22;4;12;11;23;1;21;6;24;16;13;3;17;20;8
1261;5;17;12;25;20;4;18;10;21;16;19;15;7;1;22
1260;6;15;4;24;2;22;7;18;14;11;20;3;1;5;17
1259;18;20;23;13;2;17;9;5;10;14;8;22;19;16;25
1258;6;2;10;21;4;20;9;13;12;8;3;5;23;25;14
1257;1;10;13;19;8;2;22;6;20;14;12;5;11;25;16
1256;13;11;6;18;19;23;1;15;12;22;8;10;2;14;16
1255;14;13;2;6;4;25;16;1;9;21;20;7;23;18;10
1254;17;14;15;22;16;8;9;21;11;23;2;20;12;18;3
1253;16;20;1;18;15;7;3;23;11;2;6;25;24;5;22
1252;10;21;12;3;9;24;23;4;1;15;5;11;20;8;6
1251;25;21;10;6;14;8;16;15;9;17;20;2;23;7;19
1250;25;24;10;15;5;9;19;3;17;2;7;18;14;20;4
1249;18;14;5;19;9;25;12;3;13;22;24;4;15;6;20
1248;22;19;17;24;15;20;1;5;25;13;12;10;16;11;3
1247;11;24;19;15;25;20;3;9;8;16;7;2;17;18;23
1246;19;24;8;18;13;10;17;22;7;1;12;16;9;4;25
1245;21;6;25;16;5;9;18;19;3;11;8;15;17;4;2
1244;16;19;10;7;17;3;12;13;1;23;11;21;5;9;25
1243;4;25;17;14;5;1;8;2;16;15;13;12;22;24;6
1242;24;14;20;1;7;15;16;5;4;25;2;19;23;11;21
1241;1;10;25;9;15;4;17;8;11;5;12;20;24;22;13
1240;18;22;13;24;16;1;20;5;6;4;9;19;12;2;3
1239;14;24;16;12;9;15;10;18;8;11;20;6;22;13;5
1238;17;14;5;15;18;11;2;9;13;16;3;21;25;8;7
1237;22;12;24;3;14;25;21;8;6;10;5;9;7;18;13
1236;2;9;25;23;6;5;1;3;11;17;19;12;10;7;13
1235;13;12;6;4;10;24;11;2;18;20;17;15;3;1;9
1234;10;18;1;19;24;2;17;5;25;14;9;16;20;21;8
1233;16;5;1;9;4;15;18;25;17;23;22;19;14;10;13
1232;15;25;5;24;13;23;3;10;6;19;9;16;14;21;2
1231;22;7;12;1;13;25;3;20;5;4;15;8;16;21;18
1230;19;17;8;11;21;7;12;5;6;18;1;10;13;2;3
1229;14;17;20;7;3;25;19;5;8;22;2;6;1;24;13
1228;7;9;4;12;3;10;1;2;17;23;6;22;24;13;20
1227;25;10;11;21;14;1;19;7;9;13;12;8;2;17;22
1226;8;23;24;10;7;15;22;14;1;11;19;21;5;17;3
1225;24;20;2;5;15;7;3;23;17;25;18;14;13;11;21
1224;19;8;2;12;1;15;18;4;14;5;16;6;17;11;9
1223;22;18;21;14;20;6;8;17;23;7;10;2;16;9;13
1222;9;4;13;15;2;20;8;5;22;24;3;11;10;1;17
1221;10;22;3;24;18;19;15;2;12;6;9;23;14;4;21
1220;23;3;20;18;7;14;4;6;13;17;25;19;5;2;9
1219;5;23;6;8;25;22;10;9;2;14;3;16;4;19;20
1218;11;2;21;5;13;18;3;7;9;14;23;10;20;4;1
1217;12;10;11;13;17;1;9;19;25;3;8;20;7;6;24
1216;18;15;2;17;10;24;14;20;1;21;22;12;3;23;7
1215;14;21;15;18;20;3;9;24;13;22;12;17;7;11;16
1214;23;19;20;13;4;21;5;2;7;9;18;1;14;3;8
1213;25;17;10;20;7;5;18;9;14;24;8;3;2;6;23
1212;9;2;17;1;6;7;18;24;3;20;10;8;5;16;15
1211;17;2;7;23;3;16;10;11;20;24;12;15;5;1;13
1210;13;22;25;19;21;11;15;20;1;2;16;8;10;18;4
1209;9;4;5;19;3;14;15;18;20;7;10;24;8;16;11
1208;20;14;19;15;25;5;24;22;10;3;1;11;4;18;2
1207;21;3;13;9;15;12;1;11;19;18;14;24;10;4;7
1206;11;7;1;21;23;25;15;5;3;24;14;22;18;13;10
1205;18;11;20;25;3;8;1;17;21;24;22;12;9;14;6
1204;9;22;15;23;1;5;20;12;2;21;19;8;13;7;16
1203;2;23;6;1;17;24;12;11;5;25;14;3;13;22;15
1202;10;4;17;2;3;18;23;16;8;25;24;14;13;20;19
1201;22;16;19;9;10;25;14;20;11;21;24;18;23;6;5
1200;16;6;10;14;8;22;7;5;11;12;24;25;4;15;3
1199;4;25;2;21;6;1;10;24;22;14;15;5;16;3;19
1198;23;6;3;1;15;11;7;21;10;4;25;17;9;20;22
1197;17;14;8;13;5;18;4;7;1;24;25;6;20;16;11
1196;12;4;17;9;20;8;23;16;11;1;6;2;7;19;18
1195;10;5;12;11;17;1;22;20;15;6;19;14;25;18;9
1194;23;12;10;2;18;9;8;16;22;19;25;24;15;17;4
1193;1;9;23;25;18;7;4;15;8;14;10;20;19;22;13
1192;15;20;5;16;19;9;21;2;6;12;1;3;13;4;11
1191;18;7;1;24;17;22;10;14;3;2;16;5;25;12;13
1190;23;9;21;17;10;25;14;2;3;4;15;16;22;11;6
1189;12;19;5;25;18;13;4;20;9;8;21;17;14;3;15
1188;2;6;23;5;10;18;24;1;14;8;13;22;20;12;4
1187;22;23;11;16;21;8;12;2;4;19;10;25;7;14;1
1186;14;4;5;24;20;22;6;9;15;23;2;16;11;1;18
1185;25;13;3;24;21;5;9;14;16;6;19;18;22;7;23
1184;6;21;19;25;16;18;4;2;11;14;20;17;12;7;10
1183;16;22;4;20;1;11;14;25;15;13;19;3;18;24;9
1182;21;8;16;6;18;10;20;13;22;7;12;24;25;3;19
1181;23;21;24;9;11;14;20;5;4;8;3;13;7;22;6
1180;9;10;22;11;7;23;2;13;19;6;20;1;14;15;8
1179;9;7;15;5;19;8;20;21;6;1;2;25;3;13;18
1178;20;4;16;19;1;17;11;7;9;18;24;8;23;12;21
1177;9;17;2;10;16;3;11;25;22;12;23;20;8;6;5
1176;5;7;16;19;25;15;12;23;2;20;13;11;3;10;18
1175;8;19;24;15;12;23;21;1;3;25;10;4;14;20;13
1174;5;15;3;11;6;10;1;13;2;23;18;19;9;8;17
1173;21;16;11;9;4;8;22;20;1;2;18;5;19;14;7
1172;24;11;8;20;10;12;25;9;13;23;19;16;6;14;2
1171;17;14;21;8;12;16;18;23;1;13;22;20;11;7;15
1170;10;1;18;4;8;15;13;22;20;2;21;7;16;25;19
1169;22;21;4;15;8;18;9;17;25;12;16;3;24;2;7
1168;16;25;24;4;8;11;19;13;23;1;5;9;7;10;3
1167;23;7;5;2;16;18;4;12;11;15;9;14;8;21;1
1166;19;2;17;14;10;20;21;6;15;12;5;18;24;9;4
1165;18;9;12;21;22;25;3;8;10;19;2;5;15;17;1
1164;4;5;15;20;8;17;10;3;23;21;11;24;13;22;25
1163;24;11;7;13;21;14;12;16;6;9;17;23;19;2;20
1162;19;21;3;13;25;11;15;20;1;18;23;9;7;4;24
1161;2;1;25;22;11;5;19;17;4;18;6;15;8;24;10
1160;7;17;6;4;22;18;10;16;11;5;25;15;8;2;21
1159;15;8;4;24;16;2;22;1;14;6;17;23;9;25;3
1158;3;2;13;15;19;25;16;10;22;20;7;5;17;24;14
1157;2;6;11;8;16;5;18;22;4;21;7;24;13;15;12
1156;3;1;22;15;13;25;21;12;11;24;17;4;14;6;7
1155;22;24;13;12;4;19;18;8;9;3;16;2;25;15;1
1154;3;15;4;25;17;1;11;21;13;16;10;5;24;19;23
1153;3;9;18;6;25;12;2;1;5;24;19;20;13;15;8
1152;10;19;3;18;4;20;22;8;9;16;7;5;25;12;21
1151;11;3;24;7;15;21;12;25;9;22;16;1;14;10;20
1150;12;11;20;13;9;18;7;17;23;22;5;8;24;15;14
1149;21;19;8;2;1;23;18;6;12;7;15;22;10;3;17
1148;5;17;3;24;6;14;19;1;13;16;10;4;18;9;20
1147;12;14;22;11;1;20;18;8;6;15;19;9;16;7;25
1146;24;17;2;7;13;21;4;3;11;22;25;15;19;5;18
1145;13;17;14;15;6;5;9;11;3;23;8;16;18;4;24
1144;4;24;25;7;6;18;2;8;23;17;10;19;3;14;13
1143;1;3;4;10;11;18;12;23;13;14;17;6;16;24;25
1142;24;22;10;20;9;23;16;15;12;7;8;13;19;4;2
1141;18;9;17;11;5;16;10;24;22;6;12;25;13;15;23
1140;24;21;3;20;15;4;10;19;7;8;23;5;6;18;25
1139;18;22;17;16;2;1;19;15;11;6;3;25;14;21;13
1138;13;1;21;7;20;22;11;6;5;3;16;2;18;15;10
1137;23;21;15;8;9;2;5;19;11;4;20;12;7;10;25
1136;6;22;10;1;19;11;24;7;9;17;5;15;2;18;21
1135;16;9;4;18;15;17;3;10;8;5;23;24;12;25;19
1134;10;2;17;13;14;23;11;4;20;1;25;18;8;12;15
1133;6;8;16;4;13;18;12;9;2;24;10;14;25;7;5
1132;17;22;1;23;12;7;9;8;14;11;21;6;2;13;24
1131;2;3;25;6;14;15;4;21;20;12;24;22;17;16;19
1130;2;5;1;12;8;22;15;13;25;14;20;17;10;11;24
1129;21;3;22;18;17;5;13;19;7;2;8;4;16;23;12
1128;3;7;10;1;11;2;24;16;14;4;25;6;17;20;12
1127;22;3;6;13;15;16;9;24;17;1;14;8;11;23;4
1126;16;13;25;7;3;12;22;24;17;19;8;5;18;23;6
1125;22;4;12;3;13;18;1;25;16;11;6;17;21;15;9
1124;6;22;13;12;24;3;15;1;5;19;4;25;21;10;8
1123;13;6;4;8;11;24;22;10;16;15;19;23;7;2;17
1122;16;3;21;7;11;12;13;2;19;24;10;25;14;20;23
1121;1;17;22;23;4;9;8;25;20;6;2;12;5;18;11
1120;5;9;10;13;8;24;19;4;2;18;17;14;16;12;6
1119;18;5;15;12;3;17;7;10;1;20;14;6;23;2;8
1118;24;11;5;14;1;13;8;15;25;10;2;21;23;6;20
1117;8;19;11;16;12;13;15;21;1;3;5;23;7;14;2
1116;1;6;9;5;25;22;12;21;2;4;15;18;3;17;24
1115;8;23;3;22;17;11;20;18;7;24;9;10;2;12;25
1114;20;5;8;18;12;6;22;4;11;10;19;1;15;2;3
1113;7;22;24;1;15;20;19;17;9;25;14;12;6;13;3
1112;17;16;20;7;2;22;15;8;12;1;24;6;3;18;13
1111;15;9;2;13;23;14;22;6;25;3;24;16;11;12;4
1110;25;1;15;10;9;2;3;4;6;20;24;22;19;17;18
1109;4;9;8;1;6;11;17;20;7;18;19;21;25;5;10
1108;12;17;25;22;21;8;14;2;1;5;7;13;24;9;4
1107;1;19;16;10;4;18;20;11;24;12;8;21;14;9;2
1106;11;10;15;24;19;3;12;14;23;2;13;16;4;21;9
1105;11;9;13;25;24;17;18;15;1;6;4;20;23;7;2
1104;15;9;14;2;21;6;19;18;11;8;23;22;13;16;5
1103;10;7;12;14;18;4;25;5;16;2;21;9;20;11;22
1102;3;20;18;6;8;2;19;15;23;24;21;14;22;12;5
1101;1;10;3;25;24;23;11;18;17;19;6;2;9;15;13
1100;24;16;7;11;14;18;6;10;23;20;5;19;9;15;12
1099;8;22;14;7;11;16;6;3;24;25;23;21;2;12;13
1098;11;14;12;7;25;24;23;16;3;10;15;4;18;8;5
1097;10;4;16;9;24;12;15;23;18;25;20;19;14;5;6
1096;25;12;8;4;22;20;13;23;2;7;10;14;21;15;1
1095;16;2;24;9;15;21;22;5;18;25;6;17;3;23;7
1094;22;5;16;10;3;2;9;8;14;1;4;6;12;19;25
1093;1;10;5;11;6;18;4;9;25;22;23;24;21;2;13
1092;25;4;24;5;20;9;14;22;8;11;13;12;15;18;19
1091;5;7;6;25;16;4;23;24;13;20;14;10;9;2;12
1090;11;22;15;9;5;21;14;20;24;18;13;3;10;8;17
1089;15;8;4;16;24;3;23;6;2;13;22;14;12;21;19
1088;6;19;12;22;7;3;1;2;18;10;5;13;9;20;23
1087;6;17;19;2;24;18;16;20;12;3;23;4;9;13;21
1086;19;7;24;21;12;15;5;17;2;13;18;4;10;22;23
1085;25;19;21;7;9;14;6;10;18;23;8;3;24;16;22
1084;7;4;24;25;17;18;1;6;21;13;9;5;3;2;10
1083;1;18;20;11;16;24;17;4;6;23;2;13;3;22;21
1082;24;10;9;19;11;7;23;16;3;18;17;21;13;22;15
1081;21;10;5;16;13;12;14;1;15;22;18;19;6;7;23
1080;5;14;3;17;12;21;2;16;10;6;23;22;15;25;11
1079;15;24;6;11;22;5;13;20;16;19;8;17;7;21;14
1078;23;13;6;24;11;25;2;10;21;7;18;17;5;4;9
1077;20;19;12;13;2;5;8;24;7;15;6;21;14;10;1
1076;18;15;12;11;20;13;17;9;16;25;4;14;21;10;22
1075;21;15;16;24;6;17;1;18;22;12;2;23;25;9;10
1074;9;10;8;25;13;11;17;22;23;24;21;1;4;7;20
1073;13;20;17;16;23;5;3;6;1;19;22;4;7;24;21
1072;2;4;7;22;23;25;14;17;20;3;13;1;5;15;9
1071;11;6;14;16;3;2;13;17;21;4;22;24;5;10;12
1070;9;22;18;23;4;20;25;11;13;19;12;10;21;16;24
1069;22;23;17;15;1;11;16;4;8;12;3;10;13;25;24
1068;24;20;18;10;14;17;11;13;21;15;16;6;2;22;7
1067;21;15;1;3;5;14;2;11;17;4;10;25;7;13;22
1066;10;24;6;16;21;5;4;22;14;11;17;19;2;18;23
1065;12;20;14;21;5;15;4;2;19;24;6;25;17;22;3
1064;15;25;9;7;11;10;14;2;24;8;16;18;19;21;3
1063;14;24;6;10;16;25;15;7;13;2;22;5;21;12;20
1062;8;7;13;4;9;16;23;17;3;19;15;11;5;25;20
1061;24;12;15;2;14;23;16;21;5;22;3;7;19;9;8
1060;17;7;20;13;4;14;16;8;2;15;1;5;22;23;21
1059;21;24;8;19;3;20;7;15;16;11;2;1;22;5;14
1058;22;9;24;17;6;12;25;18;13;4;21;20;7;5;16
1057;19;25;13;7;20;11;9;6;23;4;21;16;14;1;8
1056;22;15;18;4;6;21;10;23;9;14;2;8;5;11;19
1055;12;7;1;24;10;2;8;9;25;22;14;18;13;3;23
1054;20;15;9;5;3;24;17;12;6;16;4;2;25;18;13
1053;14;12;24;17;22;13;2;6;4;1;3;15;18;11;23
1052;18;8;3;1;5;11;24;21;10;23;6;16;20;17;4
1051;3;8;4;7;14;13;16;23;20;10;25;2;18;21;11
1050;24;1;7;15;21;22;25;17;19;4;6;13;10;12;16
1049;18;17;20;9;12;22;25;21;4;23;14;2;5;19;16
1048;15;16;1;20;9;17;10;2;21;25;18;7;3;6;5
1047;15;21;20;11;17;24;8;22;12;7;9;10;16;4;25
1046;13;14;21;3;7;12;18;4;11;25;20;5;22;8;23
1045;24;23;20;6;9;17;3;25;16;2;11;5;22;21;15
1044;17;10;20;24;11;6;12;23;5;2;8;15;4;7;25
1043;6;25;7;17;14;12;18;11;1;2;9;19;8;24;10
1042;7;1;15;10;21;14;16;24;6;11;22;9;3;8;19
1041;25;20;12;21;19;15;24;5;10;23;3;7;13;1;17
1040;10;12;4;23;25;9;2;1;6;16;20;22;13;21;8
1039;21;1;15;18;9;2;19;14;22;20;3;12;24;8;13
1038;8;10;24;19;6;7;20;18;16;9;17;2;13;21;25
1037;11;20;9;25;17;18;1;12;24;5;15;21;6;10;23
1036;14;12;7;22;18;21;4;9;11;5;19;24;10;17;20
1035;15;13;21;19;25;20;7;6;12;14;9;18;23;4;22
1034;8;2;23;3;13;17;12;6;21;10;20;18;14;19;4
1033;13;4;18;17;7;14;12;23;16;6;21;24;22;8;3
1032;23;4;2;6;3;10;20;11;8;17;16;13;18;14;1
1031;12;4;9;24;11;14;17;2;22;5;19;15;1;6;20
1030;19;8;15;16;2;23;11;4;20;3;1;17;9;18;10
1029;2;6;22;13;24;19;14;25;1;18;11;23;17;3;8
1028;4;25;5;11;24;17;20;7;10;19;6;9;8;23;16
1027;10;14;19;1;16;9;25;15;6;5;12;3;8;21;23
1026;1;6;7;12;19;11;20;16;24;18;14;23;5;15;21
1025;16;11;9;22;1;13;19;14;25;7;18;17;2;15;23
1024;7;2;23;4;14;13;20;17;10;9;12;22;11;21;1
1023;21;18;9;11;16;14;8;23;6;22;3;7;13;2;1
1022;25;9;10;21;3;22;18;5;16;7;8;4;24;1;14
1021;1;21;20;13;9;6;14;22;15;18;5;16;10;19;23
1020;7;12;20;21;18;9;5;2;15;24;3;19;11;16;13
1019;22;3;18;8;12;20;7;5;21;2;4;17;23;1;10
1018;11;17;2;19;18;7;5;10;8;16;14;22;12;24;4
1017;21;4;16;10;9;3;2;19;8;11;12;17;23;1;15
1016;15;3;19;20;25;2;21;23;1;12;6;14;5;11;16
1015;3;23;18;13;17;21;1;7;2;5;15;8;20;16;6
1014;13;24;14;10;25;9;2;8;1;18;12;23;17;22;20
1013;7;18;1;4;20;17;3;19;11;21;13;23;10;2;5
1012;16;17;1;25;7;15;12;24;18;9;11;21;14;2;22
1011;4;19;9;25;18;10;17;7;23;3;24;15;1;13;5
1010;11;4;21;8;14;10;1;2;15;19;13;23;6;16;22
1009;9;6;4;12;18;11;24;2;10;20;17;14;22;19;15
1008;19;12;13;7;6;18;3;16;10;8;22;17;9;1;21
1007;24;6;2;20;11;25;9;3;12;7;22;1;23;10;18
1006;4;7;6;5;15;22;13;3;16;23;1;24;20;14;9
1005;21;9;18;20;10;1;14;22;12;19;24;15;16;5;7
1004;12;21;10;3;6;22;15;18;25;19;14;20;2;1;24
1003;1;12;25;3;21;16;10;20;14;17;19;8;2;23;6
1002;22;18;17;8;12;4;24;21;15;20;14;3;13;16;10
1001;23;8;6;17;14;25;21;13;12;10;19;11;5;20;7
1000;13;16;11;14;4;18;22;3;8;17;20;12;15;19;2
999;6;2;14;16;24;15;18;10;1;13;21;8;12;5;7
998;19;1;5;3;22;2;14;12;9;20;11;17;21;23;4
997;2;24;22;4;18;7;15;10;19;5;12;23;16;17;9
996;20;18;21;9;24;2;17;4;16;6;3;13;25;7;23
995;14;2;23;9;20;12;13;8;7;3;22;17;4;24;1
994;25;23;12;18;8;15;5;11;16;9;3;22;13;7;14
993;7;5;12;17;20;4;2;25;24;9;14;21;10;23;22
992;5;17;8;24;20;15;11;13;9;3;19;1;7;4;10
991;14;7;9;2;6;22;21;24;17;1;15;12;25;5;18
990;7;8;13;19;20;6;24;22;10;11;12;16;15;5;1
989;13;15;4;22;10;9;8;19;14;3;24;17;18;6;23
988;15;3;20;9;13;7;17;11;1;24;25;5;12;16;19
987;22;15;2;20;4;12;9;19;7;13;6;5;18;11;23
986;2;14;7;13;1;11;22;21;23;20;15;5;16;24;18
985;3;21;9;13;24;6;4;17;12;7;22;14;18;23;25
984;25;15;13;4;2;9;24;12;23;10;22;8;11;20;21
983;14;8;15;2;10;7;4;18;19;25;5;21;16;11;6
982;14;5;23;3;4;21;9;7;1;13;17;18;6;24;20
981;22;24;16;6;9;2;4;18;19;1;25;8;3;12;21
980;12;22;9;24;20;11;7;10;21;2;6;8;17;13;1
979;6;16;9;19;25;23;22;2;21;24;5;10;7;8;14
978;13;18;4;11;15;3;16;7;14;5;9;25;12;8;6
977;22;1;2;14;11;17;10;7;23;18;13;20;24;8;6
976;19;13;25;14;6;2;10;1;23;21;24;7;3;11;4
975;11;12;6;10;16;19;2;20;4;1;17;24;14;13;7
974;1;21;12;22;6;4;14;10;9;7;19;8;17;15;24
973;22;14;6;3;1;24;5;11;8;25;2;20;15;21;18
972;22;1;13;15;8;23;25;20;21;11;3;6;16;14;24
971;22;24;4;9;7;10;5;20;11;6;18;21;3;23;25
970;15;18;6;9;1;17;8;12;19;20;3;21;10;23;24
969;16;17;20;18;5;1;4;12;24;3;10;22;19;11;9
968;11;7;9;20;19;5;3;4;2;18;14;16;21;13;25
967;17;4;25;16;22;11;23;21;2;10;20;8;6;9;3
966;4;11;6;21;7;5;12;3;10;17;2;8;25;19;22
965;13;18;14;24;19;15;10;22;21;8;16;3;4;11;9
964;2;23;4;9;15;1;20;3;10;19;11;7;18;17;21
963;11;23;15;14;7;3;19;18;9;16;17;6;4;10;24
962;15;1;6;25;14;13;23;21;22;4;17;20;8;9;11
961;1;4;18;20;7;12;22;2;11;15;25;21;5;9;3
960;16;14;1;6;7;2;24;17;10;4;20;21;12;18;3
959;9;19;25;5;12;24;16;20;11;2;22;21;14;23;6
958;19;14;24;4;6;20;5;1;9;17;21;16;12;13;22
957;24;15;22;5;8;6;1;23;16;25;13;21;4;7;3
956;5;6;16;13;2;12;17;22;8;4;21;11;18;3;19
955;4;5;16;7;24;11;1;12;21;14;2;9;13;18;10
954;11;14;25;23;6;20;13;8;24;3;16;18;12;10;5
953;1;9;13;12;21;16;10;7;24;15;14;18;5;2;6
952;12;3;18;17;6;4;8;11;14;23;19;21;25;22;1
951;21;7;25;19;10;17;14;9;15;3;22;8;13;20;23
950;25;12;20;5;21;17;9;8;4;14;13;2;18;7;19
949;10;17;11;23;8;15;12;6;13;9;14;7;1;21;16
948;18;2;5;16;21;6;11;9;13;1;19;24;22;8;17
947;3;9;7;16;22;18;10;1;11;12;5;24;15;2;20
946;1;22;10;24;14;20;21;16;7;19;25;18;9;8;17
945;13;4;21;2;9;20;3;19;24;6;18;23;11;25;5
944;16;9;21;8;10;12;11;24;19;1;14;13;25;17;18
943;5;18;14;13;12;10;23;3;6;9;15;21;17;4;22
942;13;18;5;1;21;6;4;24;11;22;12;3;7;19;20
941;11;25;16;3;15;18;4;5;2;9;10;7;1;8;23
940;25;14;18;24;4;17;3;2;9;20;19;16;13;7;6
939;11;21;25;1;7;5;20;9;10;18;16;6;4;19;15
938;19;6;7;17;20;15;11;25;13;16;18;3;4;10;2
937;23;2;20;14;25;19;6;9;1;11;13;24;10;16;12
936;7;4;1;8;18;25;2;15;3;13;6;17;20;19;23
935;7;22;19;18;3;4;1;2;10;14;23;5;6;12;9
934;22;24;21;8;20;3;23;4;14;25;11;9;2;10;19
933;14;17;19;15;7;5;11;24;23;2;16;4;10;6;3
932;16;18;4;8;12;13;20;14;1;25;21;5;23;15;22
931;20;19;16;5;8;3;25;14;12;10;22;11;2;6;24
930;9;20;24;2;11;14;15;16;5;25;6;12;22;23;3
929;23;2;18;25;14;1;21;11;9;8;20;7;4;5;10
928;11;14;1;9;19;4;12;24;6;8;10;25;17;15;23
927;23;22;2;5;9;6;3;14;13;21;16;17;11;20;25
926;14;1;11;19;15;5;13;24;9;12;7;6;10;8;21
925;12;3;16;23;7;25;22;1;4;6;24;14;13;9;15
924;16;8;17;2;20;7;6;12;18;1;10;19;14;24;9
923;14;15;1;7;4;19;22;12;5;6;10;20;24;25;3
922;23;2;17;21;8;12;4;9;5;20;6;22;16;24;15
921;18;4;3;16;17;15;2;25;24;21;9;7;12;1;19
920;19;2;5;4;1;3;23;10;6;16;20;15;13;12;22
919;5;13;4;21;14;11;3;1;22;7;17;9;19;2;10
918;1;23;8;9;4;22;21;3;2;13;6;16;17;14;15
917;3;21;1;5;4;14;11;20;19;6;13;22;24;2;17
916;6;24;17;5;19;4;13;18;3;23;7;1;2;14;11
915;11;20;24;2;10;4;13;5;23;25;8;22;18;1;6
914;5;4;22;12;24;3;1;11;23;18;17;15;6;10;20
913;25;22;20;10;19;24;13;5;18;12;6;17;4;15;3
912;17;14;20;23;15;22;16;4;18;7;21;2;10;3;19
911;24;2;17;5;11;21;6;22;25;15;23;3;8;1;13
910;5;11;17;8;6;24;25;20;16;18;3;19;4;13;9
909;1;8;6;18;3;12;20;13;21;11;7;10;2;22;5
908;1;15;4;10;12;23;17;13;25;2;18;6;24;9;7
907;14;4;8;23;5;3;21;13;2;7;20;16;15;22;10
906;5;3;7;10;8;12;22;6;24;1;17;21;18;2;9
905;6;14;20;16;4;11;12;21;1;22;8;23;17;10;13
904;10;17;16;18;20;22;13;24;7;19;6;9;1;12;5
903;6;20;5;16;8;18;10;2;15;11;13;3;4;1;22
902;24;2;11;4;8;17;5;25;9;1;6;3;20;21;23
901;22;1;7;6;24;10;16;23;4;13;18;12;14;25;2
900;2;11;7;20;6;25;15;1;13;8;22;10;24;18;12
899;21;9;20;25;4;10;23;7;15;16;1;14;17;18;12
898;14;1;24;20;10;11;4;18;12;8;9;21;6;13;25
897;23;21;9;16;1;11;8;13;10;2;17;14;7;5;18
896;8;13;15;1;2;7;12;20;18;4;17;19;3;6;23
895;25;13;18;17;21;2;5;16;8;12;6;11;3;19;4
894;21;2;18;15;22;6;9;13;12;19;24;25;14;5;1
893;8;23;22;6;3;2;5;24;16;9;11;4;1;15;20
892;6;24;13;3;14;2;19;10;16;20;17;21;22;1;5
891;5;24;17;23;8;16;19;15;7;25;14;12;6;1;21
890;3;7;1;11;23;6;17;19;24;4;2;18;8;5;16
889;5;7;19;2;6;25;12;9;4;21;13;22;16;11;18
888;13;20;12;22;6;11;1;18;17;19;14;24;16;3;21
887;15;10;8;6;1;21;25;19;11;12;24;18;17;23;20
886;15;21;12;13;1;8;23;16;20;4;3;10;11;17;7
885;7;19;23;17;8;16;2;18;9;11;22;24;12;5;15
884;17;10;12;21;25;19;9;8;13;4;15;7;18;20;1
883;22;21;6;12;8;18;3;17;25;19;10;5;7;16;9
882;10;2;12;19;7;17;22;25;14;13;18;24;11;8;1
881;21;4;8;1;7;3;20;23;16;19;6;15;5;22;9
880;8;14;2;5;19;22;25;6;18;10;21;24;7;16;23
879;9;2;25;13;4;18;22;3;15;12;16;24;7;10;21
878;22;19;7;25;6;2;23;3;13;10;14;1;5;16;12
877;23;10;16;11;19;3;15;14;25;18;21;7;8;9;13
876;6;14;9;21;20;16;18;13;7;5;24;25;3;12;23
875;4;9;21;24;12;15;13;22;6;23;25;10;2;8;18
874;16;23;8;1;7;20;4;10;5;21;19;2;25;9;6
873;7;6;11;9;15;14;17;25;13;12;8;18;3;2;22
872;7;2;5;22;12;1;23;18;4;17;6;13;10;14;9
871;4;23;9;13;17;6;8;24;14;10;22;19;2;15;12
870;7;13;18;12;14;17;1;8;23;10;5;6;4;16;2
869;9;25;22;1;24;12;14;10;20;3;11;23;6;18;21
868;8;3;21;12;16;10;19;9;14;1;22;24;2;17;13
867;7;6;8;3;13;21;14;10;25;2;15;22;12;5;4
866;24;14;5;10;23;20;9;13;2;11;18;7;1;3;8
865;10;22;1;13;5;19;21;7;25;4;6;3;23;20;18
864;15;3;18;17;23;13;10;19;8;16;22;12;6;24;21
863;1;19;3;18;24;4;23;16;15;22;8;17;7;13;25
862;20;3;14;19;23;1;4;13;17;15;18;2;10;24;5
861;19;2;4;17;11;23;6;14;1;10;15;7;22;3;9
860;19;25;7;16;14;3;6;15;4;24;10;13;22;5;9
859;4;2;10;5;19;13;18;17;14;9;6;11;20;1;3
858;4;22;23;20;5;3;9;11;12;25;6;19;1;17;8
857;13;15;18;20;8;3;14;11;21;1;4;16;6;24;19
856;13;22;3;7;9;12;20;2;25;8;23;19;15;11;16
855;8;1;9;14;18;17;23;3;13;4;10;11;25;24;15
854;14;10;18;17;15;1;13;8;21;5;3;2;9;22;20
853;21;6;19;12;20;23;18;2;11;5;3;17;9;8;22
852;25;4;21;5;23;1;11;20;2;12;16;18;24;3;8
851;20;4;1;5;10;22;17;18;24;6;14;15;13;7;19
850;23;20;2;14;18;13;3;7;24;10;19;21;8;5;22
849;14;4;25;5;17;12;23;10;20;15;24;16;1;18;13
848;2;25;24;9;23;18;21;5;19;16;3;13;14;8;17
847;17;11;21;7;9;18;14;13;20;1;6;25;10;3;5
846;9;10;24;20;15;23;14;1;21;11;6;4;19;13;25
845;12;7;2;4;25;23;21;18;11;22;19;16;14;24;6
844;25;24;8;17;22;12;19;1;3;15;10;16;5;9;7
843;16;20;7;24;15;22;19;21;12;13;3;4;17;11;8
842;10;3;15;13;20;19;5;18;14;4;7;22;11;21;24
841;21;24;13;5;10;14;3;12;17;20;6;16;1;8;15
840;13;21;20;4;19;6;18;17;25;9;11;22;2;23;12
839;21;19;6;3;22;7;16;17;25;24;13;2;8;14;4
838;9;15;18;10;23;20;14;21;16;4;2;24;5;11;7
837;16;10;15;22;13;12;7;3;11;8;1;18;24;14;20
836;9;18;12;15;4;10;14;21;20;16;25;8;7;22;2
835;2;15;19;18;14;25;8;4;17;6;12;21;16;1;24
834;10;14;23;19;22;4;2;18;7;21;9;16;8;11;20
833;11;16;12;2;5;17;6;25;22;19;10;7;20;18;13
832;19;15;6;12;24;10;2;16;8;22;7;25;11;5;23
831;18;2;1;14;22;11;17;5;9;10;3;12;20;21;16
830;10;11;1;19;14;23;21;9;6;16;4;12;24;17;13
829;8;22;5;14;16;9;23;11;7;2;13;25;24;18;17
828;19;9;15;8;23;17;25;14;6;7;20;12;24;22;1
827;4;1;10;17;5;16;12;2;9;22;7;14;21;24;13
826;16;5;20;19;3;23;24;6;14;18;13;12;21;15;17
825;14;22;13;25;23;7;1;15;9;11;17;8;6;10;19
824;22;4;3;7;19;21;24;14;20;11;15;25;13;2;12
823;2;5;12;16;20;24;22;9;25;11;13;19;4;1;14
822;3;15;22;11;24;2;14;18;12;5;19;17;21;16;23
821;25;17;24;7;10;11;3;9;12;21;5;16;23;14;4
820;3;8;22;9;2;1;7;24;6;16;5;13;23;15;10
819;12;22;8;6;18;5;3;21;20;19;4;7;9;11;10
818;8;24;22;11;5;14;16;23;10;19;25;6;4;20;13
817;10;23;8;4;25;12;17;24;11;20;18;2;3;5;1
816;13;17;5;25;19;12;8;15;2;3;23;10;16;9;11
815;10;20;14;25;8;11;18;7;17;15;22;6;21;23;24
814;11;12;4;8;17;21;10;24;13;20;19;3;14;22;23
813;3;8;23;1;16;21;10;12;7;5;19;4;24;25;6
812;18;1;5;14;20;8;17;24;3;19;11;21;23;7;25
811;4;2;17;20;12;3;7;14;19;10;1;5;22;9;6
810;6;3;23;15;22;1;24;16;18;12;17;7;21;9;11
809;5;2;21;18;1;25;13;16;24;7;9;23;22;19;4
808;18;6;17;10;16;24;12;22;4;11;21;14;7;20;25
807;19;7;22;25;8;24;11;13;10;21;18;5;4;3;2
806;14;25;10;5;3;15;1;20;2;16;24;19;8;7;6
805;17;6;11;25;1;16;24;13;14;20;2;4;9;22;7
804;1;13;7;23;24;6;3;20;18;17;5;4;21;8;15
803;16;25;20;1;17;24;18;14;5;4;19;23;15;12;21
802;22;4;9;13;21;14;5;3;10;12;18;8;20;1;25
801;25;3;17;1;6;23;21;10;12;7;19;4;18;15;5
800;16;13;10;22;12;7;9;6;8;11;4;24;3;21;20
799;22;3;11;15;14;21;23;24;16;6;19;25;8;13;4
798;16;18;13;24;19;23;22;10;6;8;1;5;11;3;15
797;8;7;24;19;2;20;21;11;17;18;3;15;5;25;6
796;18;24;11;14;6;21;8;4;10;20;2;16;7;17;3
795;9;10;1;3;7;12;8;24;21;14;4;6;2;16;22
794;2;15;14;9;3;23;5;24;4;8;20;1;25;6;11
793;17;5;20;16;14;23;11;21;2;12;9;4;25;7;18
792;20;12;25;14;8;19;21;9;2;3;1;23;6;10;18
791;11;8;1;7;2;23;14;22;3;10;21;25;6;13;5
790;8;3;7;12;16;10;19;23;18;20;22;13;25;24;6
789;18;12;15;3;22;14;8;19;11;2;24;10;21;4;16
788;3;12;4;11;24;9;1;22;16;21;25;19;23;8;10
787;8;4;10;12;16;1;5;14;9;20;17;19;13;11;23
786;21;15;23;24;5;11;8;25;6;10;17;2;4;13;12
785;12;11;13;1;17;10;23;15;6;7;4;19;16;21;2
784;1;12;2;20;23;13;15;4;21;11;3;7;22;18;25
783;20;16;1;8;19;7;2;5;6;13;24;15;22;11;21
782;18;13;5;14;20;12;10;17;21;15;19;16;11;9;8
781;11;1;2;22;10;25;9;15;4;19;16;8;14;20;17
780;21;20;15;8;13;17;16;3;19;24;6;7;18;25;10
779;16;20;19;21;14;23;5;13;8;9;22;12;4;17;11
778;11;15;20;10;6;9;7;19;24;2;13;25;16;5;22
777;21;15;9;25;2;11;14;12;24;3;6;13;20;23;16
776;10;24;22;14;2;18;13;4;23;12;1;11;20;3;19
775;6;17;12;2;18;10;20;3;16;13;19;8;7;14;9
774;19;11;14;6;1;15;18;12;3;8;22;9;4;5;25
773;6;18;20;15;8;17;7;10;2;25;22;11;13;24;5
772;16;2;12;20;7;6;9;25;15;8;11;24;10;4;23
771;20;7;22;25;2;4;6;9;5;23;8;14;17;10;16
770;17;12;4;24;1;3;18;6;25;11;22;16;5;9;21
769;5;11;4;23;22;16;15;25;7;13;17;10;3;19;20
768;11;3;23;19;25;15;6;12;17;20;14;24;5;1;13
767;1;11;15;12;5;8;22;24;17;19;23;4;3;7;10
766;24;25;12;9;21;15;7;5;16;3;6;14;13;1;18
765;14;23;13;25;12;1;2;18;3;9;20;10;7;24;8
764;25;4;1;8;23;17;19;3;24;9;11;14;6;16;12
763;18;16;21;1;14;25;13;3;6;7;24;4;2;17;22
762;7;11;21;13;22;2;1;10;17;3;9;12;5;6;14
761;15;11;4;6;1;19;16;13;20;14;12;24;5;10;22
760;11;24;2;15;9;25;3;12;13;10;7;1;23;16;17
759;20;23;8;16;25;7;5;17;15;18;24;19;2;9;10
758;15;18;24;4;5;6;17;16;11;2;20;12;1;25;23
757;4;10;11;1;21;20;9;14;17;18;3;23;8;13;15
756;15;17;3;20;14;13;8;25;5;6;10;16;22;7;23
755;14;24;3;5;25;11;17;2;7;8;13;1;10;16;12
754;1;19;5;16;4;20;15;18;24;7;23;22;17;13;25
753;7;3;11;1;22;8;5;13;21;14;6;4;17;25;20
752;13;6;24;21;19;14;16;8;12;1;25;4;18;7;5
751;14;17;20;23;13;12;6;3;9;16;22;5;8;19;21
750;9;3;2;20;25;4;13;7;10;19;5;21;11;15;24
749;24;2;7;8;18;11;6;22;14;13;1;4;19;15;3
748;4;18;23;17;9;15;5;6;10;12;21;20;8;3;1
747;24;4;10;23;12;15;7;20;2;13;6;16;17;1;3
746;16;18;9;8;25;17;10;24;2;20;21;19;4;3;5
745;7;1;17;12;16;24;8;9;3;6;11;20;22;25;13
744;9;3;4;12;10;13;6;16;11;1;19;23;7;15;24
743;12;11;3;10;2;24;14;17;1;15;21;6;9;22;23
742;23;20;1;7;6;5;14;21;8;11;3;15;13;9;19
741;18;3;14;12;24;5;21;11;2;7;17;13;10;25;16
740;10;21;11;13;24;9;5;22;4;1;19;12;25;14;23
739;11;25;14;2;22;20;8;9;10;17;3;21;4;23;24
738;25;23;13;6;14;11;16;18;9;7;2;24;19;20;12
737;3;7;18;4;16;25;5;10;22;2;12;6;17;14;8
736;4;10;2;17;13;15;21;9;3;23;8;16;6;19;5
735;8;20;22;5;11;24;13;21;19;14;12;25;17;10;6
734;24;15;2;3;19;20;23;8;9;21;13;17;6;18;10
733;8;18;11;14;4;22;1;16;24;20;7;5;12;6;19
732;25;14;1;11;13;24;20;8;23;9;10;4;22;17;21
731;4;7;18;8;6;21;24;14;22;17;3;12;15;19;11
730;22;24;21;19;4;1;20;12;18;16;8;11;3;14;25
729;10;2;14;12;9;22;6;3;25;15;23;17;1;7;4
728;13;23;11;7;25;16;6;20;10;19;8;22;21;3;4
727;25;8;23;3;24;16;11;20;6;21;9;18;22;7;4
726;10;16;20;25;21;7;13;11;24;2;15;4;9;1;14
725;5;17;13;1;21;16;15;24;7;6;18;10;9;25;12
724;7;6;20;12;23;14;18;10;19;1;25;3;24;15;5
723;3;14;9;8;20;11;4;5;7;15;24;2;12;10;18
722;7;1;23;19;6;8;5;20;3;14;10;17;24;13;16
721;5;21;15;14;3;9;12;7;19;10;11;8;4;2;1
720;4;9;17;16;12;24;7;23;13;18;10;20;11;25;21
719;18;11;22;24;10;2;15;16;9;23;13;25;8;7;19
718;22;19;3;14;4;24;9;13;21;11;23;25;7;15;17
717;5;9;18;21;23;2;1;14;11;8;7;20;16;3;25
716;21;23;11;18;7;3;12;16;8;20;14;15;25;1;5
715;8;15;24;5;20;18;3;25;13;11;22;1;23;10;14
714;13;17;7;19;6;10;21;12;15;14;4;11;8;9;22
713;23;11;22;6;2;13;15;21;25;5;14;3;19;4;24
712;9;4;20;18;17;16;8;15;22;21;23;12;1;25;14
711;2;12;18;21;6;4;1;24;10;22;16;5;15;7;13
710;19;3;17;14;20;25;21;6;4;18;15;12;24;2;22
709;6;8;20;12;11;7;14;18;3;1;22;15;16;19;23
708;1;19;14;6;2;16;21;3;24;5;11;25;4;9;22
707;25;8;11;20;16;7;3;24;17;12;21;15;14;4;6
706;22;18;21;16;8;1;25;12;19;24;3;13;6;2;4
705;15;21;22;20;12;9;6;14;11;25;7;8;16;3;4
704;15;17;8;16;11;24;14;22;5;23;2;13;6;3;10
703;8;24;15;23;2;18;11;21;25;20;17;14;22;5;10
702;4;14;25;8;23;5;13;3;1;10;2;7;20;6;9
701;17;4;20;21;16;10;19;13;12;3;22;23;25;14;8
700;10;21;25;1;22;18;13;2;16;6;7;14;8;19;9
699;22;18;3;8;4;21;19;6;2;25;23;10;9;16;15
698;4;6;12;22;7;21;20;9;15;3;14;24;10;18;2
697;3;7;24;19;8;1;11;23;22;14;16;15;2;25;18
696;5;20;15;4;9;7;22;13;24;16;11;21;1;10;14
695;24;22;13;3;5;21;17;18;19;20;4;11;2;25;14
694;3;16;15;11;10;6;21;8;14;1;9;24;19;18;20
693;6;14;17;7;1;4;2;11;9;22;19;3;10;16;21
692;4;22;17;12;10;11;24;23;18;2;6;19;1;7;21
691;22;1;20;6;7;17;9;8;23;3;18;11;19;13;2
690;3;15;24;12;20;1;10;14;25;13;9;2;18;19;11
689;11;23;13;8;17;7;4;24;2;3;12;5;15;22;6
688;21;23;7;1;4;14;3;19;2;24;9;12;22;16;11
687;18;19;13;20;23;1;6;3;24;15;12;25;4;2;9
686;20;1;6;12;3;24;16;4;13;19;7;10;22;25;23
685;20;22;1;25;15;4;12;23;3;21;9;19;13;17;24
684;4;8;22;25;1;13;24;20;14;21;11;12;5;10;16
683;8;15;6;12;9;5;1;4;13;23;10;24;2;7;11
682;4;18;22;24;19;25;14;2;1;17;5;11;8;7;6
681;4;18;6;14;15;16;23;11;19;2;8;7;3;10;12
680;3;6;8;9;19;13;21;4;18;12;20;7;22;16;14
679;22;11;10;17;15;14;20;2;21;13;19;8;12;7;18
678;23;2;19;18;3;15;20;12;9;5;21;7;10;25;24
677;16;12;2;19;25;10;6;1;13;7;5;8;15;23;11
676;25;15;19;24;6;12;21;16;5;8;13;4;10;2;20
675;13;7;5;2;11;22;23;15;4;17;24;14;3;10;16
674;10;3;14;11;23;2;16;22;20;24;18;19;25;15;8
673;2;17;4;15;10;13;11;9;12;14;20;8;5;19;7
672;11;21;24;19;4;10;15;1;9;2;6;17;23;12;25
671;10;9;18;20;8;13;5;19;12;11;7;4;14;22;24
670;1;18;21;20;14;7;25;10;22;15;8;12;23;17;13
669;15;16;25;19;2;23;4;5;22;6;18;17;12;13;24
668;11;25;15;1;13;9;20;24;23;10;17;7;12;16;2
667;13;15;10;4;17;25;8;6;24;3;20;19;21;18;5
666;12;24;11;6;7;14;4;16;1;25;2;18;15;20;21
665;21;3;13;2;17;7;15;22;24;14;20;6;18;12;25
664;18;15;1;23;24;20;7;21;13;3;10;16;4;17;14
663;13;4;21;19;2;6;24;17;9;16;22;5;23;11;7
662;7;14;13;2;8;15;1;9;6;3;19;16;22;11;20
661;1;7;20;22;3;15;24;6;23;17;10;19;18;11;12
660;17;5;15;16;4;9;3;7;6;12;19;24;14;8;25
659;23;3;8;12;10;24;6;9;20;1;15;11;4;5;19
658;6;4;17;7;23;24;14;25;9;21;11;15;1;5;10
657;13;25;19;17;8;23;5;15;2;10;4;6;24;12;3
656;3;18;8;14;15;5;22;9;20;7;25;11;23;2;13
655;20;13;21;19;11;25;5;14;8;2;15;7;24;10;23
654;25;20;12;13;16;3;7;19;22;17;14;1;2;18;23
653;16;3;20;1;19;17;22;13;12;23;14;21;7;8;2
652;17;7;2;21;20;13;19;5;9;16;11;14;10;23;18
651;13;5;15;10;14;25;18;6;4;20;1;24;8;17;19
650;16;19;24;1;25;14;13;23;8;3;20;10;21;17;7
649;1;14;2;11;17;24;9;8;6;21;15;4;5;10;22
648;20;8;9;22;13;19;2;21;6;10;15;16;4;11;18
647;19;9;14;20;22;18;6;23;4;8;11;7;17;13;25
646;1;17;23;6;25;15;5;3;9;21;18;19;14;10;20
645;25;19;23;21;4;11;16;20;9;22;10;8;13;18;5
644;12;9;6;21;7;5;18;24;8;13;15;14;3;2;22
643;24;10;19;8;16;13;2;9;17;7;21;22;4;23;1
642;18;13;8;10;12;25;2;5;21;20;1;4;11;19;22
641;11;2;18;19;24;16;9;21;22;6;13;3;7;8;20
640;1;16;9;21;14;3;18;4;22;5;23;20;11;19;13
639;21;22;12;4;10;8;6;19;2;16;9;20;1;5;24
638;2;3;18;4;21;24;14;13;19;9;11;1;16;23;25
637;18;2;9;7;25;19;22;13;6;4;20;23;16;17;21
636;3;1;4;13;6;21;19;20;25;12;10;16;23;14;2
635;1;4;11;19;5;8;18;9;24;7;13;6;20;22;12
634;21;9;15;20;5;22;3;19;12;4;10;18;2;11;14
633;22;2;8;7;12;23;20;24;6;3;25;9;21;10;18
632;24;10;13;6;16;25;11;21;8;22;17;14;1;20;4
631;16;2;10;17;9;3;13;18;14;20;7;21;19;8;5
630;6;22;20;13;2;17;18;7;24;12;1;14;25;4;23
629;7;21;12;17;25;1;2;14;9;19;6;5;15;22;4
628;19;10;13;7;8;18;2;25;9;4;22;15;3;11;23
627;23;25;6;10;2;17;1;14;15;3;21;4;22;12;24
626;9;2;11;7;24;8;19;5;17;13;1;3;23;21;4
625;3;14;23;16;24;13;6;15;11;2;10;8;17;22;1
624;24;18;5;7;4;21;2;20;12;11;17;1;9;6;16
623;2;11;5;15;8;3;20;10;1;4;9;23;25;12;22
622;3;13;17;5;7;11;10;15;6;9;2;4;21;18;12
621;3;2;9;25;16;22;5;10;24;8;12;20;15;6;1
620;10;16;18;21;14;7;6;12;20;1;5;11;15;22;19
619;19;21;8;17;14;3;1;7;18;9;13;20;25;4;23
618;2;22;4;12;9;1;20;7;19;6;5;21;24;17;13
617;14;3;19;22;24;21;4;2;15;5;25;10;16;7;1
616;9;6;16;15;1;22;2;25;21;18;10;17;24;12;19
615;19;7;11;17;1;8;2;23;4;20;24;22;25;21;12
614;16;1;18;6;22;5;12;9;7;11;20;19;17;23;13
613;2;10;5;13;7;22;6;25;20;23;16;12;11;14;17
612;9;23;2;15;3;10;25;7;18;1;19;6;17;13;16
611;13;6;18;4;16;8;2;3;14;9;23;5;21;19;20
610;10;22;2;16;13;1;25;21;14;7;15;4;6;8;12
609;23;14;19;4;11;1;7;16;20;12;9;2;25;15;10
608;19;13;10;18;25;23;1;14;8;3;16;7;5;2;17
607;20;19;16;17;25;9;22;24;12;21;15;3;18;5;7
606;3;25;14;16;6;2;18;8;22;12;24;10;7;23;15
605;5;21;25;2;18;4;14;23;7;11;3;13;16;17;10
604;15;1;7;25;9;12;13;18;14;2;24;22;6;19;20
603;8;6;23;13;22;12;19;20;2;15;4;21;16;5;10
602;9;18;25;12;5;7;10;1;8;6;11;2;23;22;13
601;12;9;13;10;25;16;14;3;20;1;7;19;11;5;6
600;9;11;25;17;16;18;10;19;5;6;8;22;1;23;3
599;12;5;24;16;9;20;2;23;21;13;6;18;7;22;4
598;5;14;3;19;1;7;12;18;22;25;11;21;15;4;20
597;5;1;14;16;8;3;17;10;25;2;18;9;11;22;24
596;11;19;8;10;25;22;20;12;17;7;23;9;3;18;2
595;6;8;7;21;17;19;25;10;24;15;12;11;5;1;9
594;11;2;23;18;25;20;7;14;13;16;9;6;15;3;10
593;23;24;15;14;6;10;11;25;13;3;4;5;1;9;20
592;19;16;18;22;20;5;8;17;1;9;3;14;15;6;10
591;20;7;2;16;14;11;8;21;17;19;1;10;23;4;15
590;9;20;15;6;16;19;11;3;1;13;10;21;4;18;14
589;4;25;21;23;13;6;12;9;10;3;2;24;8;22;20
588;25;17;4;14;5;11;18;19;23;12;24;1;7;13;20
587;1;5;13;21;20;19;7;18;23;11;17;10;9;4;12
586;25;7;12;4;24;18;11;17;6;3;19;22;8;16;2
585;1;8;13;17;14;15;20;16;18;24;9;23;7;5;10
584;7;21;23;14;6;10;2;5;11;19;22;20;8;3;15
583;11;4;7;17;14;19;18;1;9;23;3;16;21;24;8
582;12;8;18;17;25;23;3;10;7;19;21;9;15;13;11
581;11;19;4;9;18;23;13;21;2;25;14;6;12;17;15
580;6;21;13;12;8;7;16;10;9;25;1;4;17;14;24
579;6;7;14;24;17;20;19;13;10;1;8;21;3;5;12
578;10;8;21;19;22;6;16;4;23;7;15;12;1;14;13
577;8;16;15;4;3;2;22;10;19;1;23;5;21;18;12
576;15;21;25;6;12;10;8;13;18;16;19;17;9;23;11
575;15;21;3;16;13;5;8;24;9;22;19;12;17;10;18
574;6;19;20;16;18;25;14;12;22;1;21;11;13;23;5
573;11;24;22;2;20;10;14;1;7;3;12;23;18;25;16
572;21;5;15;13;16;9;22;10;19;14;6;17;8;2;24
571;25;3;11;15;5;24;12;6;19;4;20;18;7;16;21
570;20;10;18;21;14;5;2;1;15;12;22;23;4;19;3
569;19;25;7;6;18;17;12;16;13;1;2;8;22;24;20
568;15;16;4;9;13;6;1;20;5;18;17;7;8;21;2
567;1;14;10;5;15;9;25;12;13;2;7;17;24;21;8
566;5;20;16;4;1;9;7;17;3;14;15;21;11;19;10
565;24;6;7;12;21;1;9;17;18;4;20;15;19;10;23
564;9;19;3;14;24;12;15;21;17;23;7;4;1;20;2
563;6;20;12;3;1;4;23;5;9;19;7;22;16;24;11
562;3;22;16;8;13;14;24;5;18;21;20;1;7;19;2
561;7;12;15;6;2;3;17;9;11;21;10;20;4;13;18
560;1;4;18;21;23;25;12;24;10;19;9;20;2;14;17
559;19;14;16;1;7;11;5;10;21;23;2;20;22;13;9
558;14;7;25;5;24;4;20;17;21;3;18;22;12;10;1
557;7;18;12;9;8;21;14;5;17;15;23;10;20;19;1
556;8;11;18;20;25;1;4;9;22;23;14;13;16;17;24
555;7;24;16;1;2;17;14;8;10;20;12;6;9;23;18
554;13;3;22;4;25;20;19;6;9;24;21;17;2;14;1
553;10;23;21;7;14;15;17;8;12;4;5;24;13;18;9
552;1;24;22;4;8;13;17;20;6;10;25;12;3;5;23
551;10;12;20;19;13;18;24;16;21;14;8;22;3;7;17
550;16;22;14;13;11;1;9;21;17;6;10;5;18;20;7
549;22;10;20;14;13;9;7;3;4;15;17;16;21;23;11
548;20;23;6;13;9;14;3;4;1;2;7;25;5;8;17
547;25;14;9;10;6;5;17;20;4;1;2;12;24;19;16
546;5;17;10;4;9;13;3;19;18;12;21;8;11;2;23
545;18;24;1;23;13;12;11;5;25;7;6;14;15;17;3
544;18;19;9;21;5;8;7;4;2;14;15;13;11;24;23
543;7;20;15;1;13;17;25;24;14;16;22;11;8;10;5
542;18;13;8;2;4;17;22;10;24;5;9;16;1;3;20
541;9;3;20;17;19;10;22;6;4;13;25;14;5;24;15
540;13;11;12;7;18;16;9;22;15;24;19;20;2;6;8
539;12;4;5;16;6;14;2;13;8;1;21;9;15;23;19
538;12;16;6;18;10;24;19;20;13;17;11;25;21;5;2
537;10;18;6;24;11;17;22;23;15;4;2;9;14;1;20
536;3;19;16;4;20;11;17;9;15;22;23;5;25;24;7
535;1;25;13;4;5;24;23;11;15;19;21;16;9;6;17
534;3;24;2;22;5;18;7;1;19;8;12;21;11;13;15
533;20;10;8;24;25;18;13;16;9;1;11;17;2;3;14
532;24;7;2;9;15;6;16;5;19;12;1;11;22;4;13
531;14;3;12;21;1;15;23;25;22;7;16;17;10;13;2
530;11;16;10;3;8;23;14;9;18;4;7;6;12;21;22
529;23;16;25;7;19;5;18;3;20;17;22;11;6;2;12
528;6;23;10;4;12;15;7;24;11;25;2;19;3;21;8
527;11;5;14;2;6;9;22;23;12;19;15;24;1;16;17
526;4;8;24;12;7;10;1;15;2;25;9;11;16;19;14
525;4;9;3;25;15;21;17;16;20;22;18;6;10;13;11
524;3;11;7;22;5;2;17;23;20;24;12;6;14;10;21
523;2;19;11;13;4;8;16;25;24;17;12;5;9;10;18
522;16;25;11;6;19;22;23;4;2;21;7;9;17;18;24
521;19;9;5;17;12;11;2;10;6;23;4;20;13;1;3
520;15;12;24;10;14;4;18;6;5;22;20;9;2;23;19
519;23;9;17;19;24;16;3;12;15;11;7;25;13;2;21
518;19;13;11;20;14;17;24;10;5;16;12;6;4;7;22
517;9;21;7;23;12;17;11;3;13;22;8;1;4;6;5
516;8;7;23;11;21;4;20;6;18;5;14;24;12;2;13
515;11;18;14;5;3;17;7;20;25;9;10;2;13;24;12
514;1;7;24;25;8;11;22;17;9;12;15;5;6;18;21
513;15;20;18;17;22;2;23;3;1;9;10;13;25;11;6
512;9;2;12;15;16;5;24;6;21;7;1;4;10;8;13
511;24;13;11;17;25;5;12;19;1;21;18;14;10;7;2
510;23;3;21;4;20;7;6;13;25;1;22;10;11;12;2
509;20;11;17;1;3;24;15;9;25;5;12;6;19;16;22
508;14;15;19;8;5;2;7;9;3;25;6;16;24;18;23
507;8;24;9;11;3;20;21;1;6;10;23;5;2;12;25
506;21;20;19;4;11;9;15;12;6;16;24;17;22;5;13
505;3;6;19;24;16;21;17;15;22;7;18;11;20;4;9
504;16;15;20;10;17;13;18;14;9;21;12;19;1;23;6
503;1;2;14;12;3;17;5;7;20;25;11;15;21;24;4
502;23;2;10;5;19;13;4;3;16;1;6;8;24;11;18
501;18;3;25;17;21;23;2;12;19;4;15;9;24;6;1
500;25;16;2;5;13;21;23;8;18;6;14;3;10;20;9
499;19;7;3;2;25;12;24;10;1;11;20;15;17;4;21
498;11;14;20;5;16;2;23;13;22;4;15;1;6;25;18
497;2;16;4;5;25;17;11;9;3;8;12;14;1;23;19
496;19;11;21;22;17;14;5;16;7;9;24;13;15;4;3
495;1;9;24;3;7;6;13;11;8;25;17;22;4;15;19
494;12;4;7;3;20;13;5;18;8;19;16;15;21;22;2
493;22;13;25;15;17;12;1;5;14;18;7;4;21;10;8
492;15;3;11;1;12;8;24;6;2;4;14;21;19;25;18
491;1;23;13;2;16;11;3;7;25;24;9;21;22;12;20
490;10;21;12;23;17;5;13;16;14;8;22;6;18;3;11
489;23;12;17;10;11;1;5;21;18;22;25;2;14;7;19
488;8;7;5;13;24;14;6;20;17;15;25;22;18;12;11
487;8;7;5;17;6;24;15;14;18;21;4;9;10;22;19
486;4;15;13;20;19;2;22;9;7;5;11;3;18;1;21
485;25;17;22;7;6;18;24;20;3;21;16;2;11;5;4
484;8;4;16;20;23;14;6;13;1;11;9;17;21;10;25
483;22;5;1;7;21;6;24;17;18;4;9;14;11;12;23
482;25;17;15;2;21;8;10;9;22;12;6;23;7;19;16
481;5;13;17;15;24;22;21;12;10;3;14;9;1;7;20
480;22;7;6;24;11;8;9;12;4;25;19;18;5;17;15
479;18;15;13;23;24;3;5;22;19;2;11;8;16;14;25
478;11;2;22;9;10;13;24;23;7;12;5;16;25;3;18
477;8;16;7;14;4;24;2;20;6;23;18;11;25;12;10
476;6;1;13;5;10;7;24;17;9;19;16;15;14;25;11
475;4;9;2;20;23;3;21;11;6;5;14;13;25;10;17
474;3;11;10;23;16;17;21;15;12;2;5;9;1;18;24
473;8;25;5;7;15;1;6;17;23;9;11;22;12;19;2
472;13;6;11;2;12;1;14;7;20;8;4;17;18;15;5
471;4;25;20;12;24;16;13;15;11;6;9;3;10;14;2
470;20;6;7;18;22;23;13;5;15;4;1;8;3;11;10
469;6;25;5;23;13;14;19;2;22;18;11;10;7;1;8
468;15;9;18;17;5;13;2;6;10;21;25;3;24;22;12
467;7;10;2;13;25;4;22;15;21;24;14;6;18;17;5
466;6;12;17;8;20;14;10;19;25;2;22;11;7;18;21
465;7;10;1;22;9;18;6;25;11;3;21;2;19;13;4
464;5;25;17;2;8;21;1;23;22;16;24;19;20;10;11
463;22;19;2;9;18;23;25;20;11;3;6;13;7;17;14
462;18;3;7;23;17;24;21;1;8;14;5;22;16;2;12
461;11;19;4;24;6;12;23;8;15;17;5;7;14;13;3
460;4;9;10;1;19;15;23;11;22;17;16;12;14;6;3
459;11;17;10;19;23;2;14;15;1;20;4;21;3;7;12
458;22;6;13;9;4;20;3;15;8;5;2;7;18;16;11
457;15;19;25;4;21;13;23;22;14;16;11;18;5;1;20
456;23;12;14;4;11;24;25;9;13;17;3;10;1;18;21
455;7;12;18;21;19;11;1;6;4;3;23;14;5;8;25
454;12;6;4;24;20;17;22;19;25;3;13;11;15;7;14
453;3;24;14;4;1;19;9;2;6;25;15;11;20;21;17
452;18;14;20;9;17;24;12;19;25;10;11;1;6;8;7
451;18;5;14;9;24;23;8;19;15;6;1;22;17;3;25
450;24;22;11;14;5;9;16;7;4;21;23;18;17;25;6
449;17;1;10;3;4;8;19;18;11;2;22;24;9;25;16
448;10;17;20;5;12;23;1;6;15;13;24;3;14;9;11
447;18;16;25;21;24;8;22;17;5;12;1;2;19;10;20
446;1;8;4;15;6;11;14;16;24;5;19;21;10;23;2
445;1;15;10;2;4;12;7;20;18;21;13;16;9;11;19
444;2;7;22;18;19;20;25;3;21;1;15;6;10;14;24
443;23;5;12;7;18;3;16;10;17;11;19;22;21;1;2
442;22;6;12;23;8;5;18;25;14;15;17;24;9;13;7
441;11;25;13;2;20;1;9;7;10;14;4;8;3;23;24
440;12;1;14;19;3;13;15;21;5;22;25;24;16;8;9
439;9;25;2;21;10;3;11;5;14;24;23;17;19;12;15
438;21;18;7;23;13;8;9;1;15;17;11;24;22;25;4
437;12;20;5;21;1;8;19;4;11;23;6;17;10;16;2
436;20;3;15;25;7;23;4;6;21;19;13;10;14;18;22
435;14;16;25;11;24;15;1;10;17;21;18;5;4;13;3
434;21;12;3;15;17;11;13;16;4;9;23;6;25;24;18
433;14;15;19;7;9;8;24;21;23;3;1;5;2;25;22
432;10;15;13;6;21;12;2;17;7;20;3;23;4;19;24
431;24;3;18;5;12;21;13;9;15;20;22;11;1;23;2
430;5;14;2;20;15;7;25;13;22;6;4;23;9;11;3
429;16;7;23;3;5;13;2;12;25;14;19;4;6;17;8
428;13;17;4;14;1;20;18;24;23;11;22;15;19;3;21
427;4;9;7;24;3;11;16;1;10;21;6;22;19;5;12
426;6;15;16;24;19;11;25;3;5;10;4;18;2;22;8
425;16;1;19;22;23;7;10;20;11;12;13;18;9;15;24
424;6;11;13;24;10;1;15;18;25;16;9;3;17;14;19
423;17;16;24;20;25;1;13;2;23;18;11;15;5;3;22
422;25;7;22;3;8;18;14;17;1;23;4;12;13;6;2
421;25;10;14;4;5;15;9;3;13;20;16;8;19;23;12
420;22;11;3;19;9;5;4;24;10;25;12;18;8;7;6
419;23;3;17;21;16;14;18;5;4;22;20;15;24;7;6
418;5;19;20;22;11;9;14;8;10;12;24;25;13;18;23
417;21;8;17;12;1;23;14;13;2;9;3;11;19;16;15
416;13;20;6;19;23;25;15;5;18;22;24;1;2;7;16
415;7;3;15;1;22;18;19;23;10;11;20;13;14;21;17
414;3;16;19;15;6;5;20;11;18;25;21;10;8;2;9
413;8;16;20;21;14;3;10;25;13;17;6;12;2;5;9
412;18;20;21;12;4;11;3;22;19;17;25;10;9;8;16
411;18;17;1;5;14;25;7;16;12;24;20;11;22;21;9
410;5;17;1;4;8;15;19;18;7;10;25;9;14;13;11
409;24;6;14;20;8;7;23;25;4;2;10;16;21;1;17
408;20;1;14;12;18;3;21;22;11;4;2;10;15;23;19
407;12;14;11;17;22;20;25;4;8;15;6;16;9;7;2
406;16;9;5;1;2;8;24;4;22;21;11;7;10;17;23
405;18;16;25;5;7;24;6;11;8;4;19;22;14;13;12
404;21;8;14;1;6;13;20;11;18;16;24;25;22;5;10
403;25;21;8;14;24;13;2;9;7;4;12;15;6;11;19
402;9;6;21;22;20;1;11;7;8;23;2;4;25;24;16
401;8;7;25;17;23;10;6;24;21;5;2;3;14;16;1
400;12;20;23;24;15;1;9;22;10;19;17;14;16;21;5
399;10;22;12;11;14;24;21;19;9;17;23;1;7;4;16
398;13;22;10;3;9;16;12;20;5;7;18;4;21;2;8
397;15;2;25;20;6;4;10;1;3;5;9;13;14;8;22
396;3;2;9;1;5;10;15;13;22;7;6;24;20;18;11
395;2;8;11;25;22;1;4;9;13;14;15;23;21;17;6
394;6;14;12;13;2;22;16;20;18;7;24;21;8;23;5
393;4;8;23;17;3;21;22;20;18;1;25;6;7;10;11
392;1;23;2;18;20;3;17;21;11;25;15;10;4;14;12
391;21;18;25;16;6;15;4;23;13;12;3;1;9;22;8
390;12;25;21;5;7;22;19;2;20;13;14;10;11;15;24
389;19;23;2;12;3;9;24;4;17;5;10;25;13;6;18
388;1;7;21;15;16;9;11;6;10;20;5;17;3;18;2
387;23;12;11;14;19;15;21;9;4;22;8;2;20;3;10
386;23;15;11;21;19;3;7;6;9;1;18;20;25;2;4
385;4;5;8;12;20;23;25;6;13;15;18;1;24;22;2
384;17;19;13;22;7;11;25;4;1;15;18;3;21;10;20
383;24;22;11;16;15;7;9;23;18;6;5;14;25;12;3
382;10;15;11;3;24;8;12;2;4;14;22;21;7;9;16
381;3;7;13;19;25;15;6;12;17;4;10;22;21;9;1
380;8;7;14;9;25;6;23;10;4;17;18;22;3;11;2
379;21;7;14;17;16;13;4;22;5;3;12;25;18;11;10
378;24;2;25;13;16;14;6;23;12;4;15;21;3;22;19
377;22;11;12;15;4;3;1;8;2;7;17;9;13;19;20
376;12;24;3;14;8;20;16;10;18;22;13;21;25;15;2
375;1;5;16;10;25;2;14;13;11;18;7;19;12;17;20
374;21;3;25;24;16;9;6;18;20;23;13;12;22;2;1
373;19;20;11;22;4;17;14;13;9;23;2;15;12;21;6
372;19;12;23;10;24;14;16;6;22;25;17;13;3;4;5
371;1;16;2;8;3;13;22;7;10;5;14;6;15;25;9
370;14;17;11;3;7;12;19;4;9;10;16;23;6;25;8
369;24;9;12;5;15;3;23;11;6;21;1;7;14;22;20
368;6;13;22;5;2;3;24;14;11;21;20;15;19;17;4
367;15;21;13;20;18;22;12;7;1;17;2;8;4;9;24
366;23;6;22;11;15;21;13;5;8;3;17;9;20;18;25
365;11;12;4;8;19;5;15;20;23;16;3;24;25;18;10
364;2;9;6;15;19;21;12;11;7;20;22;13;24;3;4
363;22;23;16;3;8;6;17;2;4;9;13;11;15;20;21
362;10;23;4;13;22;6;3;18;1;2;24;12;5;7;17
361;9;1;20;12;7;10;14;24;19;23;13;4;17;16;15
360;5;17;18;2;11;8;4;19;20;1;3;24;9;23;7
359;22;21;12;4;25;13;8;24;16;11;7;17;19;18;10
358;25;16;17;11;14;18;12;23;24;4;15;2;10;6;9
357;17;10;6;23;21;5;8;9;14;2;19;1;13;11;25
356;13;10;2;24;5;16;15;11;14;19;9;4;25;22;20
355;12;11;23;13;8;4;19;25;18;7;10;6;9;15;2
354;23;22;9;10;8;19;17;12;1;2;18;21;4;16;7
353;18;23;19;8;12;2;9;11;3;21;22;20;13;17;7
352;3;1;15;13;6;20;17;24;19;2;12;22;4;9;18
351;7;1;12;3;24;18;23;5;19;2;14;11;10;17;16
350;23;9;1;14;13;7;15;4;25;22;12;8;6;2;3
349;7;8;17;20;22;12;1;16;2;19;25;24;5;14;18
348;14;8;20;19;12;25;1;7;18;24;2;17;5;22;21
347;15;24;19;3;18;14;25;12;20;9;10;11;5;8;7
346;14;10;23;5;12;6;8;17;24;18;15;2;1;21;3
345;23;25;9;24;20;2;12;16;19;14;15;7;18;11;21
344;11;16;9;20;25;24;5;3;12;10;15;13;4;21;6
343;20;15;11;25;6;8;18;12;13;16;14;19;22;3;5
342;8;3;11;25;23;12;21;15;1;4;20;13;16;19;22
341;20;5;21;12;11;7;16;19;18;13;22;1;25;24;9
340;14;4;19;2;8;21;20;25;11;10;6;9;5;22;3
339;13;19;1;23;18;16;15;5;22;20;24;21;8;2;10
338;16;4;7;19;9;3;5;21;20;15;25;17;6;14;12
337;3;11;7;8;23;4;19;16;9;5;1;18;22;10;12
336;10;15;16;11;3;25;1;14;19;5;22;2;17;6;8
335;16;14;21;9;6;17;8;3;20;19;1;12;11;7;4
334;17;8;13;15;11;22;21;6;1;2;18;23;25;7;16
333;16;2;13;25;9;14;1;6;21;15;5;23;18;12;11
332;3;2;11;21;20;12;6;5;19;7;23;24;14;10;25
331;16;15;13;19;5;23;3;18;1;7;6;22;21;25;12
330;15;19;24;25;2;12;14;5;9;22;23;1;18;17;6
329;18;21;8;20;24;9;1;14;4;23;25;3;17;2;13
328;13;2;25;23;19;11;12;22;18;24;4;5;3;15;21
327;19;8;4;14;3;16;1;15;13;12;17;21;23;2;18
326;25;7;24;6;15;13;12;10;1;18;8;11;4;17;2
325;25;10;22;20;23;5;4;6;2;14;24;19;7;15;1
324;21;10;2;23;8;1;24;16;6;4;7;12;9;3;20
323;4;17;2;21;14;1;3;20;6;7;10;25;23;9;19
322;1;12;13;2;16;23;3;7;5;20;17;18;15;24;21
321;17;20;12;25;9;24;14;3;10;2;4;13;11;16;18
320;19;15;12;17;11;18;1;25;3;22;9;21;14;6;23
319;14;24;6;9;4;8;3;16;23;1;19;10;20;12;17
318;11;21;12;14;6;4;16;15;13;25;5;3;18;23;9
317;21;5;8;4;11;1;22;2;25;14;18;16;9;24;19
316;8;19;6;14;4;3;24;23;1;13;12;15;10;18;7
315;16;13;11;23;5;6;21;17;8;2;24;3;20;14;19
314;21;5;11;1;8;19;2;22;9;20;6;12;14;13;15
313;7;6;14;23;17;12;15;19;10;16;9;25;2;3;18
312;22;8;9;18;2;17;10;19;1;16;25;11;13;12;6
311;23;5;24;12;17;10;25;2;14;16;20;19;15;7;4
310;11;14;21;10;3;24;18;19;9;15;23;16;5;2;17
309;3;13;22;10;16;21;1;9;14;20;4;8;17;24;2
308;23;1;21;16;24;19;5;25;12;13;22;4;18;2;15
307;20;9;12;14;23;17;21;24;19;1;3;10;15;4;6
306;25;5;13;4;2;8;20;1;11;16;18;12;14;15;19
305;20;10;25;4;3;18;22;21;2;8;11;12;5;24;13
304;1;15;22;16;14;4;18;17;12;21;20;25;5;3;19
303;6;22;18;21;12;24;23;20;15;17;2;8;3;16;4
302;18;20;9;6;11;25;2;16;15;14;4;22;12;10;5
301;2;9;11;3;17;13;12;19;20;15;22;23;18;8;14
300;7;21;9;4;11;23;19;17;3;12;8;25;20;15;22
299;10;20;3;24;23;6;17;8;22;13;7;5;19;18;21
298;1;6;7;16;4;24;21;8;13;3;11;15;14;12;22
297;23;10;25;24;1;21;15;9;8;16;4;22;14;7;12
296;16;18;14;6;22;11;15;19;2;25;7;3;12;8;17
295;25;24;6;23;15;10;3;21;13;18;2;4;19;17;16
294;11;16;24;4;20;2;1;5;7;3;8;12;15;23;25
293;14;12;3;9;25;22;13;24;2;6;1;23;18;15;19
292;21;3;24;7;17;5;2;11;13;9;22;12;25;16;8
291;14;8;15;10;1;5;17;24;2;12;7;13;23;20;11
290;17;9;13;2;23;14;11;20;22;7;6;12;1;21;5
289;4;8;1;3;10;19;2;14;6;9;17;15;12;24;22
288;18;15;6;19;2;10;3;14;25;9;24;1;4;13;12
287;15;21;6;23;2;10;22;25;7;17;16;5;18;13;12
286;25;1;23;21;7;4;11;9;12;2;13;10;24;19;3
285;11;16;8;10;14;1;4;5;15;22;9;12;19;13;23
284;23;5;22;7;21;12;25;13;1;11;15;17;3;6;19
283;24;22;10;13;4;20;6;1;11;9;23;12;8;2;19
282;25;7;3;21;11;20;16;13;8;4;15;12;19;22;2
281;4;1;10;23;12;2;25;17;19;8;11;9;14;3;15
280;9;25;20;10;19;24;5;13;16;3;17;11;6;15;4
279;12;10;3;17;18;6;5;23;1;2;22;19;11;9;13
278;12;9;2;3;21;19;1;23;5;15;11;17;13;6;25
277;16;24;13;2;17;10;9;11;21;4;23;14;25;22;12
276;2;7;17;5;18;12;22;3;25;13;20;4;11;19;10
275;6;9;12;22;1;10;15;5;14;17;20;3;18;11;8
274;15;25;5;23;10;2;7;12;17;14;11;21;6;20;4
273;16;5;21;7;12;20;1;15;24;18;25;10;19;17;6
272;25;15;12;1;4;9;13;24;8;17;5;20;11;23;2
271;19;11;5;16;24;20;25;6;4;12;8;1;21;2;18
270;16;1;14;5;9;18;8;3;6;25;7;19;23;4;24
269;22;2;1;4;13;15;18;19;24;23;10;16;17;6;14
268;25;23;8;15;9;16;20;12;7;18;6;19;5;10;14
267;15;11;23;9;12;6;14;13;17;24;21;2;5;4;3
266;18;21;3;19;4;14;24;22;5;6;7;9;11;1;15
265;7;12;22;5;19;11;18;8;13;16;17;24;1;20;15
264;8;3;25;6;22;9;13;23;20;4;16;19;1;12;21
263;23;19;8;15;16;11;7;21;24;9;10;1;18;4;14
262;8;21;12;20;3;14;13;7;9;24;15;23;4;17;6
261;4;2;16;15;25;6;11;21;5;17;19;20;7;13;1
260;24;11;5;19;7;20;9;18;14;3;13;8;1;6;4
259;10;25;18;15;6;21;22;20;7;3;8;9;24;19;5
258;13;20;12;4;2;25;22;24;19;21;9;6;14;5;17
257;22;10;12;9;7;18;13;6;1;16;3;24;14;17;19
256;1;12;10;9;16;8;18;20;7;2;6;22;13;15;24
255;17;3;4;1;2;14;15;10;9;16;22;24;6;21;23
254;20;2;23;6;5;14;15;9;8;3;7;11;16;13;4
253;22;4;19;5;21;23;6;1;18;11;12;15;8;13;7
252;2;6;18;25;15;11;24;23;3;22;17;4;19;14;8
251;21;13;19;15;23;18;22;9;4;25;16;10;3;5;6
250;19;13;2;5;23;9;3;10;15;17;16;18;21;12;1
249;23;5;21;14;18;12;7;15;8;4;25;9;22;17;10
248;25;10;12;8;5;2;11;20;21;1;16;19;9;13;15
247;1;22;7;8;14;4;2;25;3;17;15;16;23;19;9
246;8;7;25;24;1;5;9;21;18;15;17;12;10;4;13
245;11;24;10;19;18;12;14;25;1;9;2;15;6;7;16
244;6;12;10;24;11;7;18;15;3;22;5;14;20;21;9
243;5;3;13;25;7;23;16;21;18;1;20;4;2;12;17
242;13;2;21;19;8;15;17;6;22;14;9;16;18;23;5
241;14;5;23;24;13;15;21;8;12;9;25;4;17;20;3
240;2;10;9;23;19;15;1;13;22;4;11;18;14;16;21
239;7;13;9;14;25;15;10;22;1;23;16;3;6;19;5
238;11;17;19;24;20;13;6;21;4;12;1;14;23;15;3
237;13;12;7;6;5;19;23;16;4;20;22;9;18;15;21
236;1;13;3;22;25;23;5;16;4;9;12;15;8;7;21
235;21;13;24;14;18;17;8;16;12;23;19;15;1;25;10
234;11;14;1;5;2;12;3;4;13;17;24;9;15;21;22
233;1;14;7;3;13;2;6;8;12;5;21;17;9;19;4
232;11;24;21;23;14;25;16;13;12;4;5;17;6;9;18
231;24;17;19;12;21;1;5;18;10;2;7;15;25;6;16
230;6;1;4;24;17;22;8;11;2;5;15;13;14;3;10
229;9;6;25;15;20;12;16;14;11;10;17;23;8;13;2
228;14;15;19;17;11;4;20;16;13;25;12;24;18;2;10
227;10;18;20;21;5;17;14;12;19;7;22;15;9;1;8
226;20;5;19;14;13;10;8;15;17;21;18;4;16;11;25
225;15;25;8;1;23;3;5;13;2;19;14;20;22;7;18
224;24;9;8;4;19;11;21;13;18;20;15;23;10;6;12
223;9;23;14;22;2;24;11;7;10;13;16;21;4;12;20
222;5;15;21;4;23;12;7;8;24;22;6;18;1;3;9
221;6;1;17;7;21;12;3;23;16;20;2;8;19;10;25
220;21;16;5;25;13;23;24;10;20;18;14;9;15;12;17
219;19;24;3;22;2;17;11;18;25;16;23;8;9;14;6
218;21;25;15;17;11;22;2;16;8;13;14;12;5;20;7
217;6;16;4;5;12;19;11;25;10;21;7;2;9;17;3
216;11;9;17;13;21;6;4;25;24;5;3;7;19;2;10
215;17;15;3;12;25;9;19;23;11;4;7;14;5;18;1
214;2;14;4;18;9;24;11;1;13;19;3;22;25;20;15
213;16;1;10;21;5;4;9;23;8;3;24;25;11;18;19
212;16;6;19;22;3;1;20;11;10;14;8;23;4;9;12
211;17;1;10;12;2;6;8;4;24;18;14;22;11;16;25
210;15;16;7;14;18;22;10;13;23;11;3;24;9;21;5
209;24;1;19;22;25;3;10;15;14;6;5;18;21;7;9
208;24;19;16;7;3;12;23;6;9;10;4;1;14;11;15
207;4;12;6;1;15;10;19;3;14;9;17;2;13;22;20
206;22;9;5;16;15;3;13;8;21;2;12;17;11;20;14
205;21;4;18;12;22;10;2;16;17;11;3;15;25;14;9
204;8;25;16;17;23;22;5;15;4;7;24;2;14;3;11
203;24;2;4;5;12;13;1;3;23;18;6;7;25;14;17
202;5;14;23;19;24;10;17;11;1;21;22;13;16;3;18
201;10;15;8;19;2;11;12;5;20;1;22;4;13;9;14
200;16;8;9;5;23;11;13;12;4;14;15;2;1;21;24
199;23;2;6;11;22;20;4;3;15;5;1;9;21;12;19
198;25;1;6;2;13;7;18;21;14;4;15;20;5;17;16
197;9;13;23;20;3;6;10;5;22;4;8;12;7;18;21
196;22;24;10;15;16;25;20;14;17;5;2;4;23;19;3
195;4;3;14;22;19;17;9;12;18;7;23;8;11;2;6
194;23;14;22;25;12;18;8;9;13;15;2;21;17;7;10
193;14;16;21;2;9;19;20;3;4;10;25;1;15;5;8
192;24;11;1;13;3;6;16;4;15;22;2;23;14;5;21
191;23;9;18;5;19;20;8;2;22;10;13;21;15;17;12
190;16;11;13;15;23;24;8;1;5;18;4;19;3;7;14
189;9;13;5;18;23;19;16;22;1;2;7;4;20;6;24
188;16;19;20;10;25;24;22;8;13;5;11;23;21;2;3
187;21;25;12;1;16;3;13;24;11;17;19;15;23;22;18
186;16;25;23;22;13;5;6;19;24;17;2;18;4;11;12
185;20;19;25;6;1;15;23;8;12;9;11;4;7;2;17
184;3;17;7;23;11;15;8;1;19;21;25;16;18;9;10
183;8;7;6;13;23;11;19;21;16;25;14;20;24;2;4
182;11;22;8;19;17;3;2;14;25;9;7;21;13;23;4
181;1;16;22;5;20;7;23;8;15;4;6;14;17;19;21
180;2;4;11;20;17;25;24;7;1;5;3;10;15;6;8
179;2;15;17;3;22;19;14;7;23;25;5;4;24;9;13
178;6;3;21;25;10;20;19;23;9;4;8;2;24;16;14
177;24;16;11;13;6;19;2;17;7;8;15;20;10;23;21
176;12;25;15;21;10;4;24;16;11;13;18;2;22;17;23
175;7;11;2;14;18;5;21;19;16;3;15;12;24;13;6
174;4;7;13;23;10;20;2;9;1;15;24;17;12;25;11
173;2;5;11;23;22;15;8;24;20;21;19;3;7;4;25
172;2;18;9;11;7;13;6;1;4;25;12;20;21;22;10
171;24;3;25;10;17;13;16;22;15;4;1;23;12;11;21
170;7;22;25;4;13;23;6;5;1;20;3;10;18;8;16
169;4;16;24;6;8;11;15;10;1;21;5;12;9;7;20
168;1;7;20;4;19;12;24;3;15;17;16;2;10;23;22
167;18;10;1;13;19;9;16;14;24;2;6;3;22;8;23
166;18;3;9;21;19;22;8;15;10;23;14;2;20;4;13
165;9;1;19;13;14;4;12;15;25;2;22;8;18;17;6
164;1;11;14;5;15;10;2;6;21;18;3;24;8;23;22
163;21;3;14;6;2;1;25;9;15;13;20;24;23;7;5
162;3;1;12;6;20;11;5;16;24;2;8;23;13;4;18
161;21;24;1;8;20;17;25;18;11;5;15;23;22;16;13
160;15;14;3;12;16;24;19;21;20;17;10;4;9;1;11
159;11;2;1;3;17;15;25;10;24;14;4;6;8;5;20
158;11;15;22;17;12;23;2;7;16;18;19;9;20;10;8
157;10;14;2;18;25;9;21;7;24;1;16;6;4;12;19
156;3;8;9;15;13;10;12;4;23;20;22;1;19;11;14
155;15;10;16;14;8;11;19;2;21;20;18;4;5;22;24
154;18;9;16;5;15;24;23;10;1;11;14;6;13;3;2
153;13;21;5;25;8;20;23;12;11;4;1;18;2;24;17
152;23;3;25;6;19;22;24;15;7;17;8;13;20;4;5
151;18;10;13;11;3;9;12;4;23;7;24;16;14;5;20
150;21;7;11;5;8;19;1;25;6;22;24;14;23;9;3
149;24;19;2;17;16;9;25;5;20;18;13;10;15;23;7
148;5;22;24;2;1;12;8;21;16;25;20;9;13;4;17
147;2;5;12;13;21;23;22;11;1;10;6;25;4;19;16
146;17;22;12;2;11;5;24;10;14;13;25;16;1;23;8
145;14;15;20;22;13;10;25;11;18;9;24;2;3;1;17
144;12;17;1;2;21;4;14;22;9;24;20;7;19;11;25
143;21;11;22;9;24;8;17;15;25;1;16;23;13;19;2
142;1;18;19;5;23;7;6;16;17;24;15;9;22;4;2
141;18;12;19;3;8;17;13;1;25;20;10;16;9;24;7
140;12;10;19;1;25;22;15;6;2;24;13;20;9;18;3
139;22;24;23;12;1;15;7;14;21;16;17;2;9;18;19
138;15;7;16;17;8;24;22;2;3;13;11;5;21;25;4
137;18;6;19;25;11;8;17;20;16;10;2;21;12;9;13
136;1;2;23;12;17;21;5;22;9;15;24;14;13;6;3
135;7;22;13;2;21;14;19;8;1;25;20;10;15;18;5
134;12;16;5;7;11;19;8;25;22;17;14;1;3;10;13
133;18;22;9;3;15;20;8;21;4;19;13;1;11;23;5
132;9;25;14;11;7;15;1;22;16;4;5;17;3;10;23
131;2;25;20;12;5;7;6;11;13;19;8;4;15;22;23
130;15;19;6;4;24;2;17;25;13;23;10;12;5;3;9
129;5;11;9;22;6;21;7;19;2;20;15;23;18;25;13
128;17;2;14;21;3;23;6;15;13;11;4;16;19;25;20
127;5;25;4;1;13;2;12;18;22;19;23;7;3;10;11
126;7;22;18;8;13;25;16;1;21;4;24;14;3;2;6
125;10;22;7;6;12;16;11;21;4;9;24;3;2;25;15
124;19;9;2;6;24;7;20;16;15;3;25;14;4;18;21
123;20;13;21;6;18;5;4;7;17;24;19;12;23;11;22
122;5;22;2;10;13;15;9;20;4;25;1;18;23;17;8
121;17;24;25;23;7;2;4;5;11;10;9;1;18;16;12
120;3;8;19;7;20;16;15;13;12;11;1;24;18;21;5
119;15;1;21;22;9;4;18;6;24;20;23;11;8;10;17
118;24;15;21;22;18;4;14;13;19;6;12;2;23;8;5
117;14;20;5;11;9;23;18;17;6;13;25;15;7;12;10
116;11;13;18;10;25;23;16;1;14;2;19;21;12;9;20
115;4;17;5;16;6;11;20;9;12;21;25;7;13;1;18
114;20;3;22;9;6;2;14;1;10;25;24;11;21;8;7
113;6;14;24;2;19;5;12;8;20;21;4;11;1;13;25
112;20;10;2;6;19;21;18;3;17;11;1;14;4;15;23
111;10;1;19;21;25;17;12;5;11;15;13;24;6;18;22
110;23;20;3;6;5;1;4;25;12;13;21;17;22;14;19
109;9;7;23;1;11;25;18;13;20;3;21;5;24;16;12
108;9;15;25;14;16;2;8;11;12;7;1;22;4;23;18
107;24;4;7;17;21;12;15;3;25;11;1;18;6;8;9
106;5;15;3;1;4;13;22;2;25;6;10;17;14;23;12
105;8;7;10;12;25;9;15;22;19;6;11;13;4;17;21
104;6;5;22;24;19;16;11;14;21;13;15;25;7;18;10
103;23;18;1;7;5;22;2;3;25;10;4;17;8;16;11
102;19;4;22;1;7;23;10;25;21;11;18;2;3;9;12
101;7;6;14;19;13;3;21;23;1;24;16;17;9;20;10
100;11;22;14;25;10;8;23;13;4;16;17;9;3;12;1
99;4;7;24;25;20;14;1;2;10;16;17;11;21;13;3
98;24;17;15;25;8;18;22;6;1;11;23;20;5;2;10
97;4;10;13;22;17;3;23;24;12;14;15;25;19;20;6
96;9;17;24;6;16;10;23;18;14;19;4;3;12;21;22
95;10;4;18;22;1;3;20;19;17;2;15;5;11;12;14
94;21;9;13;12;11;15;4;22;24;16;8;18;23;2;17
93;4;24;7;17;9;13;18;20;5;6;10;21;2;19;23
92;17;6;4;1;8;15;2;19;14;13;12;18;21;24;22
91;16;23;1;25;22;14;9;13;11;10;12;15;4;20;17
90;22;10;11;8;17;20;23;3;21;1;15;25;2;12;24
89;23;16;1;12;21;25;17;19;13;20;24;15;6;11;22
88;8;10;18;24;11;1;17;2;25;9;14;19;12;4;5
87;11;3;18;25;5;24;13;8;15;10;9;22;1;2;20
86;13;19;12;18;5;6;9;24;23;4;17;8;25;2;14
85;1;2;11;21;16;8;23;7;18;22;14;15;5;13;9
84;15;22;8;25;6;4;16;1;2;24;19;20;17;23;12
83;23;10;25;20;14;3;1;6;2;11;8;13;12;24;5
82;4;8;19;12;23;17;13;20;1;18;6;15;5;22;9
81;13;2;7;19;17;15;1;4;6;21;3;11;5;16;10
80;17;22;25;7;20;3;18;10;4;1;14;9;2;5;15
79;15;14;17;2;22;24;5;23;20;9;12;18;25;1;3
78;15;5;17;23;1;8;7;20;16;6;12;18;3;2;13
77;6;20;4;9;11;17;3;8;2;21;24;14;22;25;18
76;15;5;12;10;19;16;21;17;25;9;13;1;23;8;3
75;10;8;3;16;7;25;20;4;13;6;11;15;17;5;1
74;8;25;3;1;2;22;16;4;5;15;6;18;13;23;11
73;25;17;18;2;16;19;15;13;14;5;21;11;7;1;10
72;2;16;5;25;23;11;18;13;24;15;1;7;8;12;17
71;13;3;22;5;1;21;23;6;8;11;15;18;14;16;9
70;14;5;9;24;6;15;12;19;20;1;2;25;16;10;3
69;23;7;11;15;4;17;20;8;9;24;1;18;21;10;19
68;9;1;25;16;6;3;5;22;7;12;8;10;2;17;23
67;7;24;13;20;16;5;21;12;11;8;15;22;23;10;9
66;8;10;23;17;11;20;2;14;21;22;15;16;24;4;1
65;23;19;10;7;1;17;4;2;22;16;21;15;20;18;25
64;13;1;10;6;25;23;14;9;7;2;18;8;20;3;17
63;13;19;22;17;10;4;25;9;24;8;16;11;21;12;20
62;9;7;1;13;20;11;3;17;25;8;14;16;15;18;24
61;4;15;1;23;9;14;12;11;13;19;25;16;22;5;20
60;17;22;16;5;3;2;18;8;25;11;1;19;4;23;24
59;6;8;14;1;23;20;3;15;25;11;5;7;13;10;19
58;20;14;11;13;19;18;15;16;5;3;6;12;17;22;4
57;25;17;8;11;3;6;19;22;21;7;20;1;4;12;2
56;19;1;5;14;16;15;17;2;13;22;20;12;23;9;24
55;4;6;12;15;2;3;13;16;8;9;7;25;5;18;19
54;22;8;12;9;21;5;20;4;24;2;7;6;14;16;18
53;23;3;7;17;20;14;12;2;18;24;6;1;11;9;19
52;25;4;16;2;15;21;12;9;11;8;24;23;1;13;22
51;8;1;13;14;5;22;21;7;6;23;3;17;20;11;16
50;2;3;7;25;21;23;10;1;13;11;20;6;12;19;9
49;11;2;24;8;20;16;4;13;19;6;15;22;5;23;21
48;15;6;21;20;2;17;5;23;11;7;13;16;18;19;22
47;6;8;25;18;20;5;11;10;15;13;4;22;3;2;1
46;6;14;8;11;24;18;19;23;2;5;4;21;10;1;25
45;1;23;14;16;2;19;18;7;21;9;24;25;17;5;3
44;23;21;12;19;5;4;6;13;14;10;3;18;24;11;25
43;23;22;3;17;1;24;14;19;8;6;9;18;20;7;10
42;1;24;12;25;4;3;21;8;11;6;15;22;14;17;5
41;25;4;23;18;17;19;15;13;9;3;12;20;21;16;2
40;10;17;16;12;14;24;8;7;5;20;21;1;13;2;22
39;14;15;7;19;8;9;22;17;23;18;2;11;24;13;21
38;14;13;8;16;1;10;3;7;15;25;9;2;24;6;22
37;24;20;5;15;10;22;21;3;1;23;11;4;13;8;9
36;7;23;10;20;1;21;4;8;11;19;17;22;24;14;5
35;12;1;13;23;19;21;17;11;22;6;25;16;14;5;4
34;7;19;16;10;23;4;18;11;8;9;20;21;1;2;15
33;8;20;12;16;10;21;5;2;23;19;11;24;1;14;7
32;10;14;9;16;15;7;22;6;4;2;1;17;23;11;20
31;1;3;22;14;21;17;24;15;20;13;2;19;4;25;9
30;22;2;1;17;8;4;19;20;11;14;6;21;7;23;3
29;13;14;6;1;24;4;8;5;17;22;21;19;20;9;16
28;18;21;11;7;9;3;20;16;14;12;13;17;1;19;10
27;25;6;22;21;11;24;3;14;12;13;20;8;10;15;18
26;19;11;7;16;8;21;5;10;20;13;23;9;17;14;22
25;4;23;20;2;5;13;7;9;24;3;1;6;14;22;16
24;1;19;21;14;2;23;25;5;20;11;7;10;24;17;3
23;10;11;5;19;18;14;6;4;20;1;8;3;12;16;17
22;13;15;5;9;7;10;1;3;22;2;25;14;6;4;12
21;5;2;1;22;19;8;24;4;25;23;18;20;14;11;16
20;4;9;8;24;16;20;3;17;18;19;7;6;23;14;10
19;15;17;10;23;11;24;13;14;6;2;8;5;20;16;7
18;2;23;10;7;11;14;17;22;15;6;24;8;19;20;18
17;13;20;17;1;6;7;2;14;5;9;16;19;3;21;18
16;24;17;5;8;7;12;13;2;15;10;19;25;23;21;6
15;23;6;21;4;10;24;16;1;15;2;8;19;12;18;25
14;14;21;13;19;20;6;9;5;7;23;18;1;15;2;25
13;13;6;10;5;8;14;3;11;16;15;9;17;19;7;23
12;11;5;25;1;9;8;16;4;7;24;17;2;12;14;10
11;24;9;8;19;20;22;6;10;11;16;7;25;23;2;12
10;24;19;8;23;6;2;20;11;9;3;4;10;5;12;14
9;21;4;17;5;3;13;16;9;20;24;25;19;11;15;10
8;19;16;18;9;13;8;5;25;17;10;6;15;1;22;20
7;22;4;15;8;16;14;21;23;12;1;25;19;7;10;18
6;23;19;1;5;7;21;16;10;15;25;6;2;12;4;17
5;15;13;20;2;11;24;9;16;4;23;25;12;8;19;1
4;16;5;25;24;23;8;12;2;17;18;1;10;4;19;13
3;20;23;12;8;6;1;7;11;14;4;16;10;9;17;24
2;23;15;5;4;12;16;20;6;11;19;24;1;9;13;7
1;18;20;25;23;10;11;24;14;6;2;13;9;5;16;3
