1;2;3;5;6;9;10;11;13;14;16;18;20;23;24;25;2932839
2;1;4;5;6;7;9;11;12;13;15;16;19;20;23;24;2676922
3;1;4;6;7;8;9;10;11;12;14;16;17;20;23;24;2713173
4;1;2;4;5;8;10;12;13;16;17;18;19;23;24;25;2324988
5;1;2;4;8;9;11;12;13;15;16;19;20;23;24;25;2377234
6;1;2;4;5;6;7;10;12;15;16;17;19;21;23;25;2276908
7;1;4;7;8;10;12;14;15;16;18;19;21;22;23;25;2735027
8;1;5;6;8;9;10;13;15;16;17;18;19;20;22;25;2753969
9;3;4;5;9;10;11;13;15;16;17;19;20;21;24;25;3147417
10;2;3;4;5;6;8;9;10;11;12;14;19;20;23;24;2803287
11;2;6;7;8;9;10;11;12;16;19;20;22;23;24;25;3087372
12;1;2;4;5;7;8;9;10;11;12;14;16;17;24;25;2299379
13;3;5;6;7;8;9;10;11;13;14;15;16;17;19;23;3176670
14;1;2;5;6;7;9;13;14;15;18;19;20;21;23;25;2397461
15;1;2;4;6;8;10;12;15;16;18;19;21;23;24;25;2356984
16;2;5;6;7;8;10;12;13;15;17;19;21;23;24;25;3066034
17;1;2;3;5;6;7;9;13;14;16;17;18;19;20;21;2148153
18;2;6;7;8;10;11;14;15;17;18;19;20;22;23;24;3090283
19;2;5;6;7;8;10;11;13;14;15;16;17;20;23;24;3065284
20;3;4;6;7;8;9;10;14;16;17;18;19;20;23;24;3151532
21;1;2;4;5;8;11;14;16;18;19;20;22;23;24;25;2326103
22;1;2;3;4;5;6;7;9;10;12;13;14;15;22;25;1974018
23;1;3;4;5;6;8;10;11;12;14;16;17;18;19;20;2490010
24;1;2;3;5;7;10;11;14;17;19;20;21;23;24;25;2190660
25;1;2;3;4;5;6;7;9;13;14;16;20;22;23;24;1978534
26;5;7;8;9;10;11;13;14;16;17;19;20;21;22;23;3262419
27;3;6;8;10;11;12;13;14;15;18;20;21;22;24;25;3210504
28;1;3;7;9;10;11;12;13;14;16;17;18;19;20;21;2658093
29;1;4;5;6;8;9;13;14;16;17;19;20;21;22;24;2686500
30;1;2;3;4;6;7;8;11;14;17;19;20;21;22;23;2065085
31;1;2;3;4;9;13;14;15;17;19;20;21;22;24;25;2127820
32;1;2;4;6;7;9;10;11;14;15;16;17;20;22;23;2343623
33;1;2;5;7;8;10;11;12;14;16;19;20;21;23;24;2418626
34;1;2;4;7;8;9;10;11;15;16;18;19;20;21;23;2364225
35;1;4;5;6;11;12;13;14;16;17;19;21;22;23;25;2693730
36;1;4;5;7;8;10;11;14;17;19;20;21;22;23;24;2700236
37;1;3;4;5;8;9;10;11;13;15;20;21;22;23;24;2523184
38;1;2;3;6;7;8;9;10;13;14;15;16;22;24;25;2207494
39;2;7;8;9;11;13;14;15;17;18;19;21;22;23;24;3096410
40;1;2;5;7;8;10;12;13;14;16;17;20;21;22;24;2419430
41;2;3;4;9;12;13;15;16;17;18;19;20;21;23;25;2903931
42;1;3;4;5;6;8;11;12;14;15;17;21;22;24;25;2492991
43;1;3;6;7;8;9;10;14;17;18;19;20;22;23;24;2637988
44;3;4;5;6;10;11;12;13;14;18;19;21;23;24;25;3128883
45;1;2;3;5;7;9;14;16;17;18;19;21;23;24;25;2189405
46;1;2;4;5;6;8;10;11;14;18;19;21;23;24;25;2287525
47;1;2;3;4;5;6;8;10;11;13;15;18;20;22;25;1993109
48;2;5;6;7;11;13;15;16;17;18;19;20;21;22;23;3071734
49;2;4;5;6;8;11;13;15;16;19;20;21;22;23;24;3009034
50;1;2;3;6;7;9;10;11;12;13;19;20;21;23;25;2216697
51;1;3;5;6;7;8;11;13;14;16;17;20;21;22;23;2595033
52;1;2;4;8;9;11;12;13;15;16;21;22;23;24;25;2377236
53;1;2;3;6;7;9;11;12;14;17;18;19;20;23;24;2219891
54;2;4;5;6;7;8;9;12;14;16;18;20;21;22;24;2987719
55;2;3;4;5;6;7;8;9;12;13;15;16;18;19;25;2783401
56;1;2;5;9;12;13;14;15;16;17;19;20;22;23;24;2431030
57;1;2;3;4;6;7;8;11;12;17;19;20;21;22;25;2064414
58;3;4;5;6;11;12;13;14;15;16;17;18;19;20;22;3129678
59;1;3;5;6;7;8;10;11;13;14;15;19;20;23;25;2592122
60;1;2;3;4;5;8;11;16;17;18;19;22;23;24;25;2044907
61;1;4;5;9;11;12;13;14;15;16;19;20;22;23;25;2711789
62;1;3;7;8;9;11;13;14;15;16;17;18;20;24;25;2656111
63;4;8;9;10;11;12;13;16;17;19;20;21;22;24;25;3252739
64;1;2;3;6;7;8;9;10;13;14;17;18;20;23;25;2207650
65;1;2;4;7;10;15;16;17;18;19;20;21;22;23;25;2374604
66;1;2;4;8;10;11;14;15;16;17;20;21;22;23;24;2378652
67;5;7;8;9;10;11;12;13;15;16;20;21;22;23;24;3262090
68;1;2;3;5;6;7;8;9;10;12;16;17;22;23;25;2131204
69;1;4;7;8;9;10;11;15;17;18;19;20;21;23;24;2732391
70;1;2;3;5;6;9;10;12;14;15;16;19;20;24;25;2167205
71;1;3;5;6;8;9;11;13;14;15;16;18;21;22;23;2607941
72;1;2;5;7;8;11;12;13;15;16;17;18;23;24;25;2420217
73;1;2;5;7;10;11;13;14;15;16;17;18;19;21;25;2424493
74;1;2;3;4;5;6;8;11;13;15;16;18;22;23;25;1996664
75;1;3;4;5;6;7;8;10;11;13;15;16;17;20;25;2466128
76;1;3;5;8;9;10;12;13;15;16;17;19;21;23;25;2630372
77;2;3;4;6;8;9;11;14;17;18;20;21;22;24;25;2877719
78;1;2;3;5;6;7;8;12;13;15;16;17;18;20;23;2141059
79;1;2;3;5;9;12;14;15;17;18;20;22;23;24;25;2203346
80;1;2;3;4;5;7;9;10;14;15;17;18;20;22;25;2025933
81;1;2;3;4;5;6;7;10;11;13;15;16;17;19;21;1980141
82;1;4;5;6;8;9;12;13;15;17;18;19;20;22;23;2686174
83;1;2;3;5;6;8;10;11;12;13;14;20;23;24;25;2160170
84;1;2;4;6;8;12;15;16;17;19;20;22;23;24;25;2358155
85;1;2;5;7;8;9;11;13;14;15;16;18;21;22;23;2416827
86;2;4;5;6;8;9;12;13;14;17;18;19;23;24;25;3005866
87;1;2;3;5;8;9;10;11;13;15;18;20;22;24;25;2193717
88;1;2;4;5;8;9;10;11;12;14;17;18;19;24;25;2319060
89;1;6;11;12;13;15;16;17;19;20;21;22;23;24;25;2775383
90;1;2;3;8;10;11;12;15;17;20;21;22;23;24;25;2252486
91;1;4;9;10;11;12;13;14;15;16;17;20;22;23;25;2739160
92;1;2;4;6;8;12;13;14;15;17;18;19;21;22;24;2358002
93;2;4;5;6;7;9;10;13;17;18;19;20;21;23;24;2996209
94;2;4;8;9;11;12;13;15;16;17;18;21;22;23;24;3058212
95;1;2;3;4;5;10;11;12;14;15;17;18;19;20;22;2051165
96;3;4;6;9;10;12;14;16;17;18;19;21;22;23;24;3166269
97;3;4;6;10;12;13;14;15;17;19;20;22;23;24;25;3167034
98;1;2;5;6;8;10;11;15;17;18;20;22;23;24;25;2406885
99;1;2;3;4;7;10;11;13;14;16;17;20;21;24;25;2114788
100;1;3;4;8;9;10;11;12;13;14;16;17;22;23;25;2578619
101;1;3;6;7;9;10;13;14;16;17;19;20;21;23;24;2644926
102;1;2;3;4;7;9;10;11;12;18;19;21;22;23;25;2109754
103;1;2;3;4;5;7;8;10;11;16;17;18;22;23;25;2017963
104;5;6;7;10;11;13;14;15;16;18;19;21;22;24;25;3259235
105;4;6;7;8;9;10;11;12;13;15;17;19;21;22;25;3241978
106;1;2;3;4;5;6;10;12;13;14;15;17;22;23;25;2006678
107;1;3;4;6;7;8;9;11;12;15;17;18;21;24;25;2538493
108;1;2;4;7;8;9;11;12;14;15;16;18;22;23;25;2366112
109;1;3;5;7;9;11;12;13;16;18;20;21;23;24;25;2626801
110;1;3;4;5;6;12;13;14;17;19;20;21;22;23;25;2502267
111;1;5;6;10;11;12;13;15;17;18;19;21;22;24;25;2757948
112;1;2;3;4;6;10;11;14;15;17;18;19;20;21;23;2095569
113;1;2;4;5;6;8;11;12;13;14;19;20;21;24;25;2289183
114;1;2;3;6;7;8;9;10;11;14;20;21;22;24;25;2206304
115;1;4;5;6;7;9;11;12;13;16;17;18;20;21;25;2677000
116;1;2;9;10;11;12;13;14;16;18;19;20;21;23;25;2458224
117;5;6;7;9;10;11;12;13;14;15;17;18;20;23;25;3257710
118;2;4;5;6;8;12;13;14;15;18;19;21;22;23;24;3009188
119;1;4;6;8;9;10;11;15;17;18;20;21;22;23;24;2726206
120;1;3;5;7;8;11;12;13;15;16;18;19;20;21;24;2623725
121;1;2;4;5;7;9;10;11;12;16;17;18;23;24;25;2311244
122;1;2;4;5;8;9;10;13;15;17;18;20;22;23;25;2321180
123;4;5;6;7;11;12;13;17;18;19;20;21;22;23;24;3226673
124;2;3;4;6;7;9;14;15;16;18;19;20;21;24;25;2870442
125;2;3;4;6;7;9;10;11;12;15;16;21;22;24;25;2866252
126;1;2;3;4;6;7;8;13;14;16;18;21;22;24;25;2066185
127;1;2;3;4;5;7;10;11;12;13;18;19;22;23;25;2029632
128;2;3;4;6;11;13;14;15;16;17;19;20;21;23;25;2885726
129;2;5;6;7;9;11;13;15;18;19;20;21;22;23;25;3070117
130;2;3;4;5;6;9;10;12;13;15;17;19;23;24;25;2816264
131;2;4;5;6;7;8;11;12;13;15;19;20;22;23;25;2991750
132;1;3;4;5;7;9;10;11;14;15;16;17;22;23;25;2515295
133;1;3;4;5;8;9;11;13;15;18;19;20;21;22;23;2525965
134;1;3;5;7;8;10;11;12;13;14;16;17;19;22;25;2621625
135;1;2;5;7;8;10;13;14;15;18;19;20;21;22;25;2419846
136;1;2;3;5;6;9;12;13;14;15;17;21;22;23;24;2169361
137;2;6;8;9;10;11;12;13;16;17;18;19;20;21;25;3093073
138;2;3;4;5;7;8;11;13;15;16;17;21;22;24;25;2832679
139;1;2;7;9;12;14;15;16;17;18;19;21;22;23;24;2455823
140;1;2;3;6;9;10;12;13;15;18;19;20;22;24;25;2233832
141;1;3;7;8;9;10;12;13;16;17;18;19;20;24;25;2655185
142;1;2;4;5;6;7;9;15;16;17;18;19;22;23;24;2274456
143;1;2;8;9;11;13;15;16;17;19;21;22;23;24;25;2457569
144;1;2;4;7;9;11;12;14;17;19;20;21;22;24;25;2373051
145;1;2;3;9;10;11;13;14;15;17;18;20;22;24;25;2253931
146;1;2;5;8;10;11;12;13;14;16;17;22;23;24;25;2428520
147;1;2;4;5;6;10;11;12;13;16;19;21;22;23;25;2296374
148;1;2;4;5;8;9;12;13;16;17;20;21;22;24;25;2322997
149;2;5;7;9;10;13;15;16;17;18;19;20;23;24;25;3083372
150;1;3;5;6;7;8;9;11;14;19;21;22;23;24;25;2589674
151;3;4;5;7;9;10;11;12;13;14;16;18;20;23;24;3138225
152;3;4;5;6;7;8;13;15;17;19;20;22;23;24;25;3109591
153;1;2;4;5;8;11;12;13;17;18;20;21;23;24;25;2325727
154;1;2;3;5;6;9;10;11;13;14;15;16;18;23;24;2165926
155;2;4;5;8;10;11;14;15;16;18;19;20;21;22;24;3029822
156;1;3;4;8;9;10;11;12;13;14;15;19;20;22;23;2578573
157;1;2;4;6;7;9;10;12;14;16;18;19;21;24;25;2344556
158;2;7;8;9;10;11;12;15;16;17;18;19;20;22;23;3095610
159;1;2;3;4;5;6;8;10;11;14;15;17;20;24;25;1993342
160;1;3;4;9;10;11;12;14;15;16;17;19;20;21;24;2583179
161;1;5;8;11;13;15;16;17;18;20;21;22;23;24;25;2766244
162;1;2;3;4;5;6;8;11;12;13;16;18;20;23;24;1995820
163;1;2;3;5;6;7;9;13;14;15;20;21;23;24;25;2148152
164;1;2;3;5;6;8;10;11;14;15;18;21;22;23;24;2161467
165;1;2;4;6;8;9;12;13;14;15;17;18;19;22;25;2354585
166;2;3;4;8;9;10;13;14;15;18;19;20;21;22;23;2900088
167;1;2;3;6;8;9;10;13;14;16;18;19;22;23;24;2226925
168;1;2;3;4;7;10;12;15;16;17;19;20;22;23;24;2115593
169;1;4;5;6;7;8;9;10;11;12;15;16;20;21;24;2662755
170;1;3;4;5;6;7;8;10;13;16;18;20;22;23;25;2468178
171;1;3;4;10;11;12;13;15;16;17;21;22;23;24;25;2584332
172;1;2;4;6;7;9;10;11;12;13;18;20;21;22;25;2342661
173;2;3;4;5;7;8;11;15;19;20;21;22;23;24;25;2832920
174;1;2;4;7;9;10;11;12;13;15;17;20;23;24;25;2370956
175;2;3;5;6;7;11;12;13;14;15;16;18;19;21;24;2922905
176;2;4;10;11;12;13;15;16;17;18;21;22;23;24;25;3059402
177;2;6;7;8;10;11;13;15;16;17;19;20;21;23;24;3090224
178;2;3;4;6;8;9;10;14;16;19;20;21;23;24;25;2876426
179;2;3;4;5;7;9;13;14;15;17;19;22;23;24;25;2838505
180;1;2;3;4;5;6;7;8;10;11;15;17;20;24;25;1967383
181;1;4;5;6;7;8;14;15;16;17;19;20;21;22;23;2673567
182;2;3;4;7;8;9;11;13;14;17;19;21;22;23;25;2889849
183;2;4;6;7;8;11;13;14;16;19;20;21;23;24;25;3039938
184;1;3;7;8;9;10;11;15;16;17;18;19;21;23;25;2654849
185;1;2;4;6;7;8;9;11;12;15;17;19;20;23;25;2335010
186;2;4;5;6;11;12;13;16;17;18;19;22;23;24;25;3013557
187;1;3;11;12;13;15;16;17;18;19;21;22;23;24;25;2662163
188;2;3;5;8;10;11;13;16;19;20;21;22;23;24;25;2952278
189;1;2;4;5;6;7;9;13;16;18;19;20;22;23;24;2274315
190;1;3;4;5;7;8;11;13;14;15;16;18;19;23;24;2512709
191;2;5;8;9;10;12;13;15;17;18;19;20;21;22;23;3085072
192;1;2;3;4;5;6;11;13;14;15;16;21;22;23;24;2008736
193;1;2;3;4;5;8;9;10;14;15;16;19;20;21;25;2037346
194;2;7;8;9;10;12;13;14;15;17;18;21;22;23;25;3095942
195;2;3;4;6;7;8;9;11;12;14;17;18;19;22;23;2858126
196;2;3;4;5;10;14;15;16;17;19;20;22;23;24;25;2853660
197;3;4;5;6;7;8;9;10;12;13;18;20;21;22;23;3100384
198;1;2;4;5;6;7;13;14;15;16;17;18;20;21;25;2279289
199;1;2;3;4;5;6;9;11;12;15;19;20;21;22;23;2002703
200;1;2;4;5;8;9;11;12;13;14;15;16;21;23;24;2321450
201;1;2;4;5;8;9;10;11;12;13;14;15;19;20;22;2318458
202;1;3;5;10;11;13;14;16;17;18;19;21;22;23;24;2634840
203;1;2;3;4;5;6;7;12;13;14;17;18;23;24;25;1984495
204;2;3;4;5;7;8;11;14;15;16;17;22;23;24;25;2832799
205;2;3;4;9;10;11;12;14;15;16;17;18;21;22;25;2902944
206;2;3;5;8;9;11;12;13;14;15;16;17;20;21;22;2950644
207;1;2;3;4;6;9;10;12;13;14;15;17;19;20;22;2091173
208;1;3;4;6;7;9;10;11;12;14;15;16;19;23;24;2546206
209;1;3;5;6;7;9;10;14;15;18;19;21;22;24;25;2599006
210;3;5;7;9;10;11;13;14;15;16;18;21;22;23;24;3199213
211;1;2;4;6;8;10;11;12;14;16;17;18;22;24;25;2355829
212;1;3;4;6;8;9;10;11;12;14;16;19;20;22;23;2554353
213;1;3;4;5;8;9;10;11;16;18;19;21;23;24;25;2523588
214;1;2;3;4;9;11;13;14;15;18;19;20;22;24;25;2127426
215;1;3;4;5;7;9;11;12;14;15;17;18;19;23;25;2517419
216;2;3;4;5;6;7;9;10;11;13;17;19;21;24;25;2792543
217;2;3;4;5;6;7;9;10;11;12;16;17;19;21;25;2792004
218;2;5;7;8;11;12;13;14;15;16;17;20;21;22;25;3082056
219;2;3;6;8;9;11;14;16;17;18;19;22;23;24;25;2969883
220;5;9;10;12;13;14;15;16;17;18;20;21;23;24;25;3264848
221;1;2;3;6;7;8;10;12;16;17;19;20;21;23;25;2213723
222;1;3;4;5;6;7;8;9;12;15;18;21;22;23;24;2464229
223;2;4;7;9;10;11;12;13;14;16;20;21;22;23;24;3055438
224;4;6;8;9;10;11;12;13;15;18;19;20;21;23;24;3248106
225;1;2;3;5;7;8;13;14;15;18;19;20;22;23;25;2184275
226;4;5;8;10;11;13;14;15;16;17;18;19;20;21;25;3240836
227;1;5;7;8;9;10;12;14;15;17;18;19;20;21;22;2759924
228;2;4;10;11;12;13;14;15;16;17;18;19;20;24;25;3059357
229;2;6;8;9;10;11;12;13;14;15;16;17;20;23;25;3092807
230;1;2;3;4;5;6;8;10;11;13;14;15;17;22;24;1992841
231;1;2;5;6;7;10;12;15;16;17;18;19;21;24;25;2399347
232;4;5;6;9;11;12;13;14;16;17;18;21;23;24;25;3232340
233;1;2;3;4;5;6;7;8;9;12;13;14;17;19;21;1964617
234;1;2;3;4;5;9;11;12;13;14;15;17;21;22;24;2048718
235;1;8;10;12;13;14;15;16;17;18;19;21;23;24;25;2778304
236;1;3;4;5;7;8;9;12;13;15;16;21;22;23;25;2507904
237;4;5;6;7;9;12;13;15;16;18;19;20;21;22;23;3225363
238;1;3;4;6;11;12;13;14;15;17;19;20;21;23;24;2565792
239;1;3;5;6;7;9;10;13;14;15;16;19;22;23;25;2598659
240;1;2;4;9;10;11;13;14;15;16;18;19;21;22;23;2379873
241;3;4;5;8;9;12;13;14;15;17;20;21;23;24;25;3145210
242;2;5;6;8;9;13;14;15;16;17;18;19;21;22;23;3074776
243;1;2;3;4;5;7;12;13;16;17;18;20;21;23;25;2033778
244;3;5;6;7;9;10;11;12;14;15;18;20;21;22;24;3184323
245;1;2;6;7;9;10;11;12;14;15;16;18;19;24;25;2440059
246;1;4;5;7;8;9;10;12;13;15;17;18;21;24;25;2696047
247;1;2;3;4;7;8;9;14;15;16;17;19;22;23;25;2103692
248;1;2;5;8;9;10;11;12;13;15;16;19;20;21;25;2425666
249;4;5;7;8;9;10;12;14;15;17;18;21;22;23;25;3234748
250;1;2;3;5;9;10;12;13;15;16;17;18;19;21;23;2201933
251;3;4;5;6;9;10;13;15;16;18;19;21;22;23;25;3127600
252;2;3;4;6;8;11;14;15;17;18;19;22;23;24;25;2881176
253;1;4;5;6;7;8;11;12;13;15;18;19;21;22;23;2671968
254;2;3;4;5;6;7;8;9;11;13;14;15;16;20;23;2782262
255;1;2;3;4;6;9;10;14;15;16;17;21;22;23;24;2092257
256;1;2;6;7;8;9;10;12;13;15;16;18;20;22;24;2433562
257;1;3;6;7;9;10;12;13;14;16;17;18;19;22;24;2644464
258;2;4;5;6;9;12;13;14;17;19;20;21;22;24;25;3012228
259;3;5;6;7;8;9;10;15;18;19;20;21;22;24;25;3178730
260;1;3;4;5;6;7;8;9;11;13;14;18;19;20;24;2462650
261;1;2;4;5;6;7;11;13;15;16;17;19;20;21;25;2278519
262;3;4;6;7;8;9;12;13;14;15;17;20;21;23;24;3152997
263;1;4;7;8;9;10;11;14;15;16;18;19;21;23;24;2732284
264;1;3;4;6;8;9;12;13;16;19;20;21;22;23;25;2558318
265;1;5;7;8;11;12;13;15;16;17;18;19;20;22;24;2762379
266;1;3;4;5;6;7;9;11;14;15;18;19;21;22;24;2476477
267;2;3;4;5;6;9;11;12;13;14;15;17;21;23;24;2817289
268;5;6;7;8;9;10;12;14;15;16;18;19;20;23;25;3254914
269;1;2;4;6;10;13;14;15;16;17;18;19;22;23;24;2362172
270;1;3;4;5;6;7;8;9;14;16;18;19;23;24;25;2464952
271;1;2;4;5;6;8;11;12;16;18;19;20;21;24;25;2289714
272;1;2;4;5;8;9;11;12;13;15;17;20;23;24;25;2321751
273;1;5;6;7;10;12;15;16;17;18;19;20;21;24;25;2751625
274;2;4;5;6;7;10;11;12;14;15;17;20;21;23;25;2998946
275;1;3;5;6;8;9;10;11;12;14;15;17;18;20;22;2604619
276;2;3;4;5;7;10;11;12;13;17;18;19;20;22;25;2839088
277;2;4;9;10;11;12;13;14;16;17;21;22;23;24;25;3059001
278;1;2;3;5;6;9;11;12;13;15;17;19;21;23;25;2168320
279;1;2;3;5;6;9;10;11;12;13;17;18;19;22;23;2165380
280;3;4;5;6;9;10;11;13;15;16;17;19;20;24;25;3126700
281;1;2;3;4;8;9;10;11;12;14;15;17;19;23;25;2117383
282;2;3;4;7;8;11;12;13;15;16;19;20;21;22;25;2893121
283;1;2;4;6;8;9;10;11;12;13;19;20;22;23;24;2350676
284;1;3;5;6;7;11;12;13;15;17;19;21;22;23;25;2603379
285;1;4;5;8;9;10;11;12;13;14;15;16;19;22;23;2706410
286;1;2;3;4;7;9;10;11;12;13;19;21;23;24;25;2109293
287;2;5;6;7;10;12;13;15;16;17;18;21;22;23;25;3071317
288;1;2;3;4;6;9;10;12;13;14;15;18;19;24;25;2091201
289;1;2;3;4;6;8;9;10;12;14;15;17;19;22;24;2080202
290;1;2;5;6;7;9;11;12;13;14;17;20;21;22;23;2395826
291;1;2;5;7;8;10;11;12;13;14;15;17;20;23;24;2418072
292;2;3;5;7;8;9;11;12;13;16;17;21;22;24;25;2939656
293;1;2;3;6;9;12;13;14;15;18;19;22;23;24;25;2235053
294;1;2;3;4;5;7;8;11;12;15;16;20;23;24;25;2020526
295;2;3;4;6;10;13;15;16;17;18;19;21;23;24;25;2885472
296;2;3;6;7;8;11;12;14;15;16;17;18;19;22;25;2962150
297;1;4;7;8;9;10;12;14;15;16;21;22;23;24;25;2732791
298;1;3;4;6;7;8;11;12;13;14;15;16;21;22;24;2543750
299;3;5;6;7;8;10;13;17;18;19;20;21;22;23;24;3182688
300;3;4;7;8;9;11;12;15;17;19;20;21;22;23;25;3169655
301;2;3;8;9;11;12;13;14;15;17;18;19;20;22;23;2980617
302;2;4;5;6;9;10;11;12;14;15;16;18;20;22;25;3009904
303;2;3;4;6;8;12;15;16;17;18;20;21;22;23;24;2881414
304;1;3;4;5;12;14;15;16;17;18;19;20;21;22;25;2534237
305;2;3;4;5;8;10;11;12;13;18;20;21;22;24;25;2847118
306;1;2;4;5;8;11;12;13;14;15;16;18;19;20;25;2325438
307;1;3;4;6;9;10;12;14;15;17;19;20;21;23;24;2563405
308;1;2;4;5;12;13;15;16;18;19;21;22;23;24;25;2330743
309;1;2;3;4;8;9;10;13;14;16;17;20;21;22;24;2119506
310;2;3;5;9;10;11;14;15;16;17;18;19;21;23;24;2953653
311;2;4;5;7;10;12;14;15;16;17;19;20;23;24;25;3025670
312;1;2;6;8;9;10;11;12;13;16;17;18;19;22;25;2444307
313;2;3;6;7;9;10;12;14;15;16;17;18;19;23;25;2964439
314;1;2;5;6;8;9;11;12;13;14;15;19;20;21;22;2403719
315;2;3;5;6;8;11;13;14;16;17;19;20;21;23;24;2931468
316;1;3;4;6;7;8;10;12;13;14;15;18;19;23;24;2542510
317;1;2;4;5;8;9;11;14;16;18;19;21;22;24;25;2322627
318;3;4;5;6;9;11;12;13;14;15;16;18;21;23;25;3127728
319;1;3;4;6;8;9;10;12;14;16;17;19;20;23;24;2556036
320;1;3;6;9;11;12;14;15;17;18;19;21;22;23;25;2652977
321;2;3;4;9;10;11;12;13;14;16;17;18;20;24;25;2902738
322;1;2;3;5;7;12;13;15;16;17;18;20;21;23;24;2192269
323;1;2;3;4;6;7;9;10;14;17;19;20;21;23;25;2069806
324;1;2;3;4;6;7;8;9;10;12;16;20;21;23;24;2055655
325;1;2;4;5;6;7;10;14;15;19;20;22;23;24;25;2277413
326;1;2;4;6;7;8;10;11;12;13;15;17;18;24;25;2337484
327;1;2;3;4;8;12;13;14;15;16;17;18;19;21;23;2124568
328;2;3;4;5;11;12;13;15;18;19;21;22;23;24;25;2853820
329;1;2;3;4;8;9;13;14;17;18;20;21;23;24;25;2121743
330;1;2;5;6;9;12;14;15;17;18;19;22;23;24;25;2411527
331;1;3;5;6;7;12;13;15;16;18;19;21;22;23;25;2603954
332;2;3;5;6;7;10;11;12;14;19;20;21;23;24;25;2921533
333;1;2;5;6;9;11;12;13;14;15;16;18;21;23;25;2410668
334;1;2;6;7;8;11;13;15;16;17;18;21;22;23;25;2439181
335;1;3;4;6;7;8;9;11;12;14;16;17;19;20;21;2538294
336;1;2;3;5;6;8;10;11;14;15;16;17;19;22;25;2161371
337;1;3;4;5;7;8;9;10;11;12;16;18;19;22;23;2503143
338;3;4;5;6;7;9;12;14;15;16;17;19;20;21;25;3114299
339;1;2;5;8;10;13;15;16;18;19;20;21;22;23;24;2429347
340;2;3;4;5;6;8;9;10;11;14;19;20;21;22;25;2804258
341;1;5;7;9;11;12;13;16;18;19;20;21;22;24;25;2763783
342;1;3;4;8;11;12;13;15;16;19;20;21;22;23;25;2582610
343;3;5;6;8;11;12;13;14;15;16;18;19;20;22;25;3192156
344;3;4;5;6;9;10;11;12;13;15;16;20;21;24;25;3125992
345;2;7;9;11;12;14;15;16;18;19;20;21;23;24;25;3097403
346;1;2;3;5;6;8;10;12;14;15;17;18;21;23;24;2162228
347;3;5;7;8;9;10;11;12;14;15;18;19;20;24;25;3194873
348;1;2;5;7;8;12;14;17;18;19;20;21;22;24;25;2420912
349;1;2;5;7;8;12;14;16;17;18;19;20;22;24;25;2420907
350;1;2;3;4;6;7;8;9;12;13;14;15;22;23;25;2058437
351;1;2;3;5;7;10;11;12;14;16;17;18;19;23;24;2190017
352;1;2;3;4;6;9;12;13;15;17;18;19;20;22;24;2093945
353;2;3;7;8;9;11;12;13;17;18;19;20;21;22;23;2975693
354;1;2;4;7;8;9;10;12;16;17;18;19;21;22;23;2365071
355;2;4;6;7;8;9;10;11;12;13;15;18;19;23;25;3032635
356;2;4;5;9;10;11;13;14;15;16;19;20;22;24;25;3031053
357;1;2;5;6;8;9;10;11;13;14;17;19;21;23;25;2401753
358;2;4;6;9;10;11;12;14;15;16;17;18;23;24;25;3049418
359;4;7;8;10;11;12;13;16;17;18;19;21;22;24;25;3251722
360;1;2;3;4;5;7;8;9;11;17;18;19;20;23;24;2014573
361;1;4;7;9;10;12;13;14;15;16;17;19;20;23;24;2736227
362;1;2;3;4;5;6;7;10;12;13;17;18;22;23;24;1981273
363;2;3;4;6;8;9;11;13;15;16;17;20;21;22;23;2877512
364;2;3;4;6;7;9;11;12;13;15;19;20;21;22;24;2868845
365;3;4;5;8;10;11;12;15;16;18;19;20;23;24;25;3145894
366;3;5;6;8;9;11;13;15;17;18;20;21;22;23;25;3190763
367;1;2;4;7;8;9;12;13;15;17;18;20;21;22;24;2367160
368;2;3;4;5;6;11;13;14;15;17;19;20;21;22;24;2821771
369;1;3;5;6;7;9;11;12;14;15;20;21;22;23;24;2599677
370;3;4;6;7;8;9;10;11;12;14;16;17;19;23;25;3149217
371;1;2;3;5;6;7;8;9;10;13;14;15;16;22;25;2131322
372;3;4;5;6;10;12;13;14;16;17;19;22;23;24;25;3129494
373;2;4;6;9;11;12;13;14;15;17;19;20;21;22;23;3050141
374;1;2;3;6;9;12;13;16;18;20;21;22;23;24;25;2235135
375;1;2;5;7;10;11;12;13;14;16;17;18;19;20;25;2424121
376;2;3;8;10;12;13;14;15;16;18;20;21;22;24;25;2981234
377;1;2;3;4;7;8;9;11;12;13;15;17;19;20;22;2101107
378;2;3;4;6;12;13;14;15;16;19;21;22;23;24;25;2885802
379;3;4;5;7;10;11;12;13;14;16;17;18;21;22;25;3141195
380;2;3;4;6;7;8;9;10;11;14;17;18;22;23;25;2855498
381;1;3;4;6;7;9;10;12;13;15;17;19;21;22;25;2547764
382;2;3;4;7;8;9;10;11;12;14;15;16;21;22;24;2886368
383;3;5;6;7;9;11;12;14;15;16;18;22;23;24;25;3186126
384;1;3;4;7;10;11;13;15;17;18;19;20;21;22;25;2577738
385;1;2;4;5;6;8;12;13;15;18;20;22;23;24;25;2290514
386;1;2;3;4;6;7;9;11;15;18;19;20;21;23;25;2071612
387;2;3;4;8;9;10;11;12;14;15;19;20;21;22;23;2898811
388;1;2;3;5;6;7;9;10;11;15;16;17;18;20;21;2143598
389;2;3;4;5;6;9;10;12;13;17;18;19;23;24;25;2816356
390;2;5;7;10;11;12;13;14;15;19;20;21;22;24;25;3083837
391;1;3;4;6;8;9;12;13;15;16;18;21;22;23;25;2558256
392;1;2;3;4;10;11;12;14;15;17;18;20;21;23;25;2128250
393;1;3;4;6;7;8;10;11;17;18;20;21;22;23;25;2542407
394;2;5;6;7;8;12;13;14;16;18;20;21;22;23;24;3067289
395;1;2;4;6;8;9;11;13;14;15;17;21;22;23;25;2354116
396;1;2;3;5;6;7;9;10;11;13;15;18;20;22;24;2143194
397;1;2;3;4;5;6;8;9;10;13;14;15;20;22;25;1987724
398;2;3;4;5;7;8;9;10;12;13;16;18;20;21;22;2824302
399;1;4;7;9;10;11;12;14;16;17;19;21;22;23;24;2735920
400;1;5;9;10;12;14;15;16;17;19;20;21;22;23;24;2766606
401;1;2;3;5;6;7;8;10;14;16;17;21;23;24;25;2138914
402;1;2;4;6;7;8;9;11;16;20;21;22;23;24;25;2335908
403;2;4;6;7;8;9;11;12;13;14;15;19;21;24;25;3035447
404;1;5;6;8;10;11;13;14;16;18;20;21;22;24;25;2755671
405;4;5;6;7;8;11;12;13;14;16;18;19;22;24;25;3221674
406;1;2;4;5;7;8;9;10;11;16;17;21;22;23;24;2300611
407;2;4;6;7;8;9;11;12;14;15;16;17;20;22;25;3035819
408;1;2;3;4;10;11;12;14;15;18;19;20;21;22;23;2128259
409;1;2;4;6;7;8;10;14;16;17;20;21;23;24;25;2340146
410;1;4;5;7;8;9;10;11;13;14;15;17;18;19;25;2694975
411;1;5;7;9;11;12;14;16;17;18;20;21;22;24;25;2763826
412;3;4;8;9;10;11;12;16;17;18;19;20;21;22;25;3173844
413;2;3;5;6;8;9;10;12;13;14;16;17;20;21;25;2925734
414;2;3;5;6;8;9;10;11;15;16;18;19;20;21;25;2925498
415;1;3;7;10;11;13;14;15;17;18;19;20;21;22;23;2659580
416;1;2;5;6;7;13;15;16;18;19;20;22;23;24;25;2400591
417;1;2;3;8;9;11;12;13;14;15;16;17;19;21;23;2251021
418;5;8;9;10;11;12;13;14;18;19;20;22;23;24;25;3264324
419;3;4;5;6;7;14;15;16;17;18;20;21;22;23;24;3117659
420;3;4;5;6;7;8;9;10;11;12;18;19;22;24;25;3098997
421;3;4;5;8;9;10;12;13;14;15;16;19;20;23;25;3143764
422;1;2;3;4;6;7;8;12;13;14;17;18;22;23;25;2065433
423;1;2;3;5;11;13;15;16;17;18;20;22;23;24;25;2204705
424;1;3;6;9;10;11;13;14;15;16;17;18;19;24;25;2652283
425;1;7;9;10;11;12;13;15;16;18;19;20;22;23;24;2777351
426;2;3;4;5;6;8;10;11;15;16;18;19;22;24;25;2810832
427;1;3;4;5;6;7;9;10;11;12;16;19;21;22;24;2472275
428;1;3;4;11;13;14;15;17;18;19;20;21;22;23;24;2584630
429;2;3;4;5;6;7;8;12;13;14;16;17;19;23;25;2790180
430;2;3;4;5;6;7;9;11;13;14;15;20;22;23;25;2795797
431;1;2;3;5;9;11;12;13;15;18;20;21;22;23;24;2202725
432;2;3;4;6;7;10;12;13;15;17;19;20;21;23;24;2872044
433;1;2;3;5;7;8;9;14;15;19;21;22;23;24;25;2179328
434;3;4;6;9;11;12;13;15;16;17;18;21;23;24;25;3166484
435;1;3;4;5;10;11;13;14;15;16;17;18;21;24;25;2533407
436;3;4;6;7;10;13;14;15;18;19;20;21;22;23;25;3160586
437;1;2;4;5;6;8;10;11;12;16;17;19;20;21;23;2286793
438;1;4;7;8;9;11;13;15;17;18;21;22;23;24;25;2733769
439;2;3;5;9;10;11;12;14;15;17;19;21;23;24;25;2953390
440;1;3;5;8;9;12;13;14;15;16;19;21;22;24;25;2631618
441;1;2;3;4;7;8;9;10;11;13;14;20;23;24;25;2098393
442;5;6;7;8;9;12;13;14;15;17;18;22;23;24;25;3256044
443;1;2;3;5;7;10;11;12;16;17;18;19;21;22;23;2190182
444;1;2;3;6;7;10;14;15;18;19;20;21;22;24;25;2223226
445;1;2;4;7;9;10;11;12;13;15;16;18;19;20;21;2370888
446;1;2;4;5;6;8;10;11;14;15;16;19;21;23;24;2287381
447;1;2;5;8;10;12;16;17;18;19;20;21;22;24;25;2429294
448;1;3;5;6;9;10;11;12;13;14;15;17;20;23;24;2612189
449;1;2;3;4;8;9;10;11;16;17;18;19;22;24;25;2118530
450;4;5;6;7;9;11;14;16;17;18;21;22;23;24;25;3225208
451;1;3;5;6;8;9;14;15;17;18;19;22;23;24;25;2609077
452;1;6;7;8;9;10;11;12;14;17;18;19;20;24;25;2767468
453;1;2;3;4;6;9;11;14;15;17;19;20;21;24;25;2093583
454;3;4;6;7;11;12;13;14;15;17;19;20;22;24;25;3160691
455;1;3;4;5;6;7;8;11;12;14;18;19;21;23;25;2469245
456;1;3;4;9;10;11;12;13;14;17;18;21;23;24;25;2583023
457;1;4;5;11;13;14;15;16;18;19;20;21;22;23;25;2712537
458;2;3;4;5;6;7;8;9;11;13;15;16;18;20;22;2782479
459;1;2;3;4;7;10;11;12;14;15;17;19;20;21;23;2114391
460;1;3;4;6;9;10;11;12;14;15;16;17;19;22;23;2562199
461;3;4;5;6;7;8;11;12;13;14;15;17;19;23;24;3107735
462;1;2;3;5;7;8;12;14;16;17;18;21;22;23;24;2184128
463;2;3;6;7;9;11;13;14;17;18;19;20;22;23;25;2965425
464;1;2;5;8;10;11;16;17;19;20;21;22;23;24;25;2429074
465;1;2;3;4;6;7;9;10;11;13;18;19;21;22;25;2067745
466;2;6;7;8;10;11;12;14;17;18;19;20;21;22;25;3090035
467;2;4;5;6;7;10;13;14;15;17;18;21;22;24;25;3000234
468;2;3;5;6;9;10;12;13;15;17;18;21;22;24;25;2933440
469;1;2;5;6;7;8;10;11;13;14;18;19;22;23;25;2388756
470;1;3;4;5;6;7;8;10;11;13;15;18;20;22;23;2466218
471;2;3;4;6;9;10;11;12;13;14;15;16;20;24;25;2881536
472;1;2;4;5;6;7;8;11;12;13;14;15;17;18;20;2265083
473;1;2;5;6;7;8;9;11;12;15;17;19;22;23;25;2385402
474;1;2;3;5;9;10;11;12;15;16;17;18;21;23;24;2201121
475;2;3;4;5;6;9;10;11;13;14;17;20;21;23;25;2815349
476;1;5;6;7;9;10;11;13;14;15;16;17;19;24;25;2748511
477;2;4;6;7;8;10;11;12;14;16;18;20;23;24;25;3037966
478;2;3;5;7;9;10;11;12;13;16;18;22;23;24;25;2944676
479;2;3;5;8;11;13;14;15;16;18;19;22;23;24;25;2952866
480;4;5;6;7;8;9;11;12;15;17;18;19;22;24;25;3218237
481;1;3;5;7;9;10;12;13;14;15;17;20;21;22;24;2625867
482;2;6;7;8;9;10;12;15;16;17;19;21;22;23;25;3088345
483;1;4;5;6;7;9;11;12;14;17;18;21;22;23;24;2677268
484;1;4;6;8;9;10;11;13;14;16;17;20;21;23;25;2725881
485;2;3;4;5;6;7;11;16;17;18;20;21;22;24;25;2802038
486;1;2;3;4;5;7;9;11;13;15;18;19;20;21;22;2027460
487;4;5;6;7;8;9;10;14;15;17;18;19;21;22;24;3217398
488;5;6;7;8;11;12;13;14;15;17;18;20;22;24;25;3257330
489;1;2;5;7;10;11;12;14;17;18;19;21;22;23;25;2424438
490;3;5;6;8;10;11;12;13;14;16;17;18;21;22;23;3191258
491;1;2;3;7;9;11;12;13;16;20;21;22;23;24;25;2246954
492;1;2;3;4;6;8;11;12;14;15;18;19;21;24;25;2087958
493;1;4;5;7;8;10;12;13;14;15;17;18;21;22;25;2700370
494;2;3;4;5;7;8;12;13;15;16;18;19;20;21;22;2833175
495;1;3;4;6;7;8;9;11;13;15;17;19;22;24;25;2538966
496;3;4;5;7;9;11;13;14;15;16;17;19;21;22;24;3140573
497;1;2;3;4;5;8;9;11;12;14;16;17;19;23;25;2038231
498;1;2;4;5;6;11;13;14;15;16;18;20;22;23;25;2298487
499;1;2;3;4;7;10;11;12;15;17;19;20;21;24;25;2114583
500;2;3;5;6;8;9;10;13;14;16;18;20;21;23;25;2926546
501;1;2;3;4;6;9;12;15;17;18;19;21;23;24;25;2094157
502;1;2;3;4;5;6;8;10;11;13;16;18;19;23;24;1993174
503;1;2;3;4;5;7;11;12;14;15;17;20;21;24;25;2032749
504;1;6;9;10;12;13;14;15;16;17;18;19;20;21;23;2775114
505;3;4;6;7;9;11;15;16;17;18;19;20;21;22;24;3159321
506;4;5;6;9;11;12;13;15;16;17;19;20;21;22;24;3232378
507;1;2;3;5;6;8;9;10;11;12;20;21;23;24;25;2154318
508;2;3;5;6;7;8;9;14;15;16;18;19;23;24;25;2910731
509;1;3;5;6;9;11;12;15;16;17;19;20;22;24;25;2614573
510;1;2;3;4;6;7;10;11;12;13;20;21;22;23;25;2073401
511;1;2;5;7;10;11;12;13;14;17;18;19;21;24;25;2424182
512;1;2;4;5;6;7;8;9;10;12;13;15;16;21;24;2256618
513;1;2;3;6;9;10;11;13;15;17;18;20;22;23;25;2233326
514;1;5;6;7;8;9;11;12;15;17;18;21;22;24;25;2743432
515;2;3;5;7;9;10;11;12;13;14;17;18;20;24;25;2944460
516;2;4;5;6;7;8;11;12;13;14;18;20;21;23;24;2991618
517;1;3;4;5;6;7;8;9;11;12;13;17;21;22;23;2461971
518;4;5;6;7;10;11;12;13;14;16;17;19;20;22;24;3225658
519;2;3;7;9;11;12;13;15;16;17;19;21;23;24;25;2978877
520;2;4;5;6;9;10;12;14;15;18;19;20;22;23;24;3011090
521;1;2;3;4;5;6;9;10;11;12;13;17;19;20;23;1998714
522;2;4;6;7;9;11;16;17;18;19;21;22;23;24;25;3043049
523;2;4;5;8;9;10;11;12;13;16;17;18;19;24;25;3026524
524;2;3;5;6;7;10;11;12;14;17;20;21;22;23;24;2921526
525;3;4;6;9;10;11;13;15;16;17;18;20;21;22;25;3165975
526;1;2;4;7;8;9;10;11;12;14;15;16;19;24;25;2363100
527;1;2;5;6;9;11;12;14;15;16;17;19;22;23;24;2410974
528;2;3;4;6;7;8;10;11;12;15;19;21;23;24;25;2861302
529;2;3;5;6;7;11;12;16;17;18;19;20;22;23;25;2923353
530;3;4;6;7;8;9;10;11;12;14;16;18;21;22;23;3149244
531;1;2;3;7;10;12;13;14;15;16;17;21;22;23;25;2248383
532;1;2;4;5;6;7;9;11;12;13;15;16;19;22;24;2271743
533;1;2;3;8;9;10;11;13;14;16;17;18;20;24;25;2249932
534;1;2;3;5;7;8;11;12;13;15;18;19;21;22;24;2182777
535;1;4;5;6;9;11;13;15;16;17;19;21;23;24;25;2692259
536;3;4;5;7;9;11;15;16;17;19;20;22;23;24;25;3140762
537;1;2;4;6;9;10;11;14;15;17;18;20;22;23;24;2359416
538;2;5;6;10;11;12;13;16;17;18;19;20;21;24;25;3077724
539;1;2;4;5;6;8;9;12;13;14;15;16;19;21;23;2284686
540;2;6;7;8;9;11;12;13;15;16;18;19;20;22;24;3088840
541;3;4;5;6;9;10;13;14;15;17;19;20;22;24;25;3127529
542;1;2;3;4;5;8;9;10;13;16;17;18;20;22;24;2037219
543;1;5;7;8;10;11;13;14;15;16;17;20;22;24;25;2761782
544;2;4;5;7;8;9;11;13;14;15;18;19;21;23;24;3017669
545;1;3;5;6;7;11;12;13;14;15;17;18;23;24;25;2603183
546;2;3;4;5;8;9;10;11;12;13;17;18;19;21;23;2842064
547;1;2;4;5;6;9;10;12;14;16;17;19;20;24;25;2293266
548;1;2;3;4;5;6;7;8;9;13;14;17;20;23;25;1965508
549;3;4;7;9;10;11;13;14;15;16;17;20;21;22;23;3172062
550;1;5;6;7;9;10;11;13;14;16;17;18;20;21;22;2748623
551;3;7;8;10;12;13;14;16;17;18;19;20;21;22;24;3213125
552;1;3;4;5;6;8;10;12;13;17;20;22;23;24;25;2491592
553;4;5;7;8;9;10;12;13;14;15;17;18;21;23;24;3234436
554;1;2;3;4;6;9;13;14;17;19;20;21;22;24;25;2094288
555;1;2;6;7;8;9;10;12;14;16;17;18;20;23;24;2433864
556;1;4;8;9;11;13;14;16;17;18;20;22;23;24;25;2738569
557;1;5;7;8;9;10;12;14;15;17;18;19;20;21;23;2759925
558;1;3;4;5;7;10;12;14;17;18;20;21;22;24;25;2520614
559;1;2;5;7;9;10;11;13;14;16;19;20;21;22;23;2421957
560;1;2;4;9;10;12;14;17;18;19;20;21;23;24;25;2380261
561;2;3;4;6;7;9;10;11;12;13;15;17;18;20;21;2865740
562;1;2;3;5;7;8;13;14;16;18;19;20;21;22;24;2184301
563;1;3;4;5;6;7;9;11;12;16;19;20;22;23;24;2475872
564;1;2;3;4;7;9;12;14;15;17;19;20;21;23;24;2113526
565;1;4;6;7;9;10;12;15;17;18;19;20;21;23;24;2722330
566;1;3;4;5;7;9;10;11;14;15;16;17;19;20;21;2515276
567;1;2;5;7;8;9;10;12;13;14;15;17;21;24;25;2414786
568;1;2;4;5;6;7;8;9;13;15;16;17;18;20;21;2261087
569;1;2;6;7;8;12;13;16;17;18;19;20;22;24;25;2439426
570;1;2;3;4;5;10;12;14;15;18;19;20;21;22;23;2052326
571;3;4;5;6;7;11;12;15;16;18;19;20;21;24;25;3117137
572;2;5;6;8;9;10;13;14;15;16;17;19;21;22;24;3073642
573;1;2;3;7;10;11;12;14;16;18;20;22;23;24;25;2248074
574;1;5;6;11;12;13;14;16;18;19;20;21;22;23;25;2758203
575;3;5;8;9;10;12;13;15;16;17;18;19;21;22;24;3201331
576;6;8;9;10;11;12;13;15;16;17;18;19;21;23;25;3267393
577;1;2;3;4;5;8;10;12;15;16;18;19;21;22;23;2043051
578;1;4;6;7;8;10;12;13;14;15;16;19;21;22;23;2718908
579;1;3;5;6;7;8;10;12;13;14;17;19;20;21;24;2593016
580;1;4;6;7;8;9;10;12;13;14;16;17;21;24;25;2714430
581;2;4;6;9;11;12;13;14;15;17;18;19;21;23;25;3050134
582;3;7;8;9;10;11;12;13;15;17;18;19;21;23;25;3211711
583;1;3;4;7;8;9;11;14;16;17;18;19;21;23;24;2570300
584;2;3;5;6;7;8;10;11;14;15;19;20;21;22;23;2912358
585;1;5;7;8;9;10;13;14;15;16;17;18;20;23;24;2760048
586;2;3;4;6;7;8;11;12;16;17;18;19;22;24;25;2864232
587;1;4;5;7;9;10;11;12;13;17;18;19;20;21;23;2702434
588;1;4;5;7;11;12;13;14;17;18;19;20;23;24;25;2706118
589;2;3;4;6;8;9;10;12;13;20;21;22;23;24;25;2875654
590;1;3;4;6;9;10;11;13;14;15;16;18;19;20;21;2562542
591;1;2;4;7;8;10;11;14;15;16;17;19;20;21;23;2368741
592;1;3;5;6;8;9;10;14;15;16;17;18;19;20;22;2606934
593;1;3;4;5;6;9;10;11;13;14;15;20;23;24;25;2495475
594;2;3;6;7;9;10;11;13;14;15;16;18;20;23;25;2963655
595;1;5;6;7;8;9;10;11;12;15;17;19;21;24;25;2740499
596;2;3;7;8;9;10;11;12;17;18;19;20;22;23;25;2974156
597;1;2;3;5;8;9;10;11;14;16;17;18;22;24;25;2193954
598;1;3;4;5;7;11;12;14;15;18;19;20;21;22;25;2521290
599;2;4;5;6;7;9;12;13;16;18;20;21;22;23;24;2997987
600;1;3;5;6;8;9;10;11;16;17;18;19;22;23;25;2605784
601;1;3;5;6;7;9;10;11;12;13;14;16;19;20;25;2596210
602;1;2;5;6;7;8;9;10;11;12;13;18;22;23;25;2381471
603;2;4;5;6;8;10;12;13;15;16;19;20;21;22;23;3007937
604;1;2;6;7;9;12;13;14;15;18;19;20;22;24;25;2442350
605;2;3;4;5;7;10;11;13;14;16;17;18;21;23;25;2839586
606;2;3;6;7;8;10;12;14;15;16;18;22;23;24;25;2961476
607;3;5;7;9;12;15;16;17;18;19;20;21;22;24;25;3200021
608;1;2;3;5;7;8;10;13;14;16;17;18;19;23;25;2182053
609;1;2;4;7;9;10;11;12;14;15;16;19;20;23;25;2371123
610;1;2;4;6;7;8;10;12;13;14;15;16;21;22;25;2338973
611;2;3;4;5;6;8;9;13;14;16;18;19;20;21;23;2808859
612;1;2;3;6;7;9;10;13;15;16;17;18;19;23;25;2218966
613;2;5;6;7;10;11;12;13;14;16;17;20;22;23;25;3070627
614;1;5;6;7;9;11;12;13;16;17;18;19;20;22;23;2749994
615;1;2;4;7;8;11;12;17;19;20;21;22;23;24;25;2370094
616;1;2;6;9;10;12;15;16;17;18;19;21;22;24;25;2449218
617;1;2;3;4;5;7;10;14;15;16;19;21;22;24;25;2032074
618;1;2;4;5;6;7;9;12;13;17;19;20;21;22;24;2273655
619;1;3;4;7;8;9;13;14;17;18;19;20;21;23;25;2570982
620;1;5;6;7;10;11;12;14;15;16;18;19;20;21;22;2751063
621;1;2;3;5;6;8;9;10;12;15;16;20;22;24;25;2156025
622;2;3;4;5;6;7;9;10;11;12;13;15;17;18;21;2791467
623;1;2;3;4;5;8;9;10;11;12;15;20;22;23;25;2034851
624;1;2;4;5;6;7;9;11;12;16;17;18;20;21;24;2272341
625;1;2;3;6;8;10;11;13;14;15;16;17;22;23;24;2230078
626;1;2;3;4;5;7;8;9;11;13;17;19;21;23;24;2014106
627;1;2;3;4;6;10;12;14;15;17;21;22;23;24;25;2096083
628;2;3;4;7;8;9;10;11;13;15;18;19;22;23;25;2887143
629;1;2;4;5;6;7;9;12;14;15;17;19;21;22;25;2273764
630;1;2;4;6;7;12;13;14;17;18;20;22;23;24;25;2350048
631;2;3;5;7;8;9;10;13;14;16;17;18;19;20;21;2938875
632;1;4;6;8;10;11;13;14;16;17;20;21;22;24;25;2728533
633;2;3;6;7;8;9;10;12;18;20;21;22;23;24;25;2957312
634;2;3;4;5;9;10;11;12;14;15;18;19;20;21;22;2850228
635;1;4;5;6;7;8;9;11;12;13;18;19;20;22;24;2666044
636;1;2;3;4;6;10;12;13;14;16;19;20;21;23;25;2095855
637;2;4;6;7;9;13;16;17;18;19;20;21;22;23;25;3043324
638;1;2;3;4;9;11;13;14;16;18;19;21;23;24;25;2127455
639;1;2;4;5;6;8;9;10;12;16;19;20;21;22;24;2282104
640;1;3;4;5;9;11;13;14;16;18;19;20;21;22;23;2532493
641;2;3;6;7;8;9;11;13;16;18;19;20;21;22;24;2958916
642;1;2;4;5;8;10;11;12;13;18;19;20;21;22;25;2323854
643;1;2;4;7;8;9;10;13;16;17;19;21;22;23;24;2365414
644;2;3;5;6;7;8;9;12;13;14;15;18;21;22;24;2909673
645;4;5;8;9;10;11;13;16;18;19;20;21;22;23;25;3239907
646;1;3;5;6;9;10;14;15;17;18;19;20;21;23;25;2614080
647;4;6;7;8;9;11;13;14;17;18;19;20;22;23;25;3244241
648;2;4;6;8;9;10;11;13;15;16;18;19;20;21;22;3045738
649;1;2;4;5;6;8;9;10;11;14;15;17;21;22;24;2280839
650;1;3;7;8;10;13;14;16;17;19;20;21;23;24;25;2657579
651;1;4;5;6;8;10;13;14;15;17;18;19;20;24;25;2688463
652;2;5;7;9;10;11;13;14;16;17;18;19;20;21;23;3082969
653;1;2;3;7;8;12;13;14;16;17;19;20;21;22;23;2244444
654;1;2;3;7;12;13;14;16;17;18;19;20;22;23;25;2248960
655;2;5;7;8;10;11;13;14;15;19;20;21;23;24;25;3081602
656;2;3;5;7;8;9;11;13;14;15;18;20;22;23;25;2940154
657;2;3;4;5;6;8;10;12;13;15;17;19;23;24;25;2811259
658;1;4;5;6;7;9;10;11;14;15;17;21;23;24;25;2675097
659;1;3;4;5;6;8;9;10;11;12;15;19;20;23;24;2483643
660;3;4;5;6;7;8;9;12;14;15;16;17;19;24;25;3103851
661;1;3;6;7;10;11;12;15;17;18;19;20;22;23;24;2646527
662;1;2;3;6;7;8;9;11;13;14;15;16;19;20;22;2209192
663;2;4;5;6;7;9;11;13;16;17;19;21;22;23;24;2997485
664;1;3;4;7;10;13;14;15;16;17;18;20;21;23;24;2578041
665;2;3;6;7;12;13;14;15;17;18;20;21;22;24;25;2967136
666;1;2;4;6;7;11;12;14;15;16;18;20;21;24;25;2349593
667;3;4;5;6;8;10;13;15;17;18;19;20;21;24;25;3124602
668;1;2;7;9;10;11;12;13;15;16;17;20;23;24;25;2454720
669;2;4;5;6;12;13;15;16;17;18;19;22;23;24;25;3013732
670;1;7;8;10;12;13;14;15;17;18;20;21;22;23;25;2777071
671;4;5;7;8;9;10;11;12;13;14;18;19;20;22;24;3233296
672;1;2;4;6;9;10;11;12;15;17;19;21;23;24;25;2358972
673;2;4;5;7;8;9;10;11;12;13;14;15;17;19;20;3013795
674;2;3;8;10;11;14;15;16;18;19;20;22;23;24;25;2981204
675;2;3;4;5;7;10;11;13;14;15;16;17;22;23;24;2839476
676;2;4;5;6;8;10;12;13;15;16;19;20;21;24;25;3007939
677;1;2;5;6;7;8;10;11;12;13;15;16;19;23;25;2387847
678;2;3;5;7;9;10;12;15;18;19;20;21;23;24;25;2946021
679;2;7;8;10;11;12;13;14;15;17;18;19;20;21;22;3096578
680;3;4;6;7;8;9;12;13;14;16;18;19;20;21;22;3153056
681;2;3;4;6;7;8;10;11;12;14;15;16;18;19;23;2860950
682;1;2;4;5;6;7;8;11;14;17;18;19;22;24;25;2266631
683;1;2;4;5;6;7;8;9;10;11;12;13;15;23;24;2255267
684;1;4;5;8;10;11;12;13;14;16;20;21;22;24;25;2709551
685;1;3;4;9;12;13;15;17;19;20;21;22;23;24;25;2584167
686;1;3;4;6;7;10;12;13;16;19;20;22;23;24;25;2552312
687;1;2;3;4;6;9;12;13;15;18;19;20;23;24;25;2093965
688;1;2;3;4;7;9;11;12;14;16;19;21;22;23;24;2112478
689;2;3;4;5;6;7;8;11;12;13;15;17;22;23;24;2788614
690;1;2;3;9;10;11;12;13;14;15;18;19;20;24;25;2253477
691;1;2;3;6;7;8;9;11;13;17;18;19;20;22;23;2209592
692;1;2;4;6;7;10;11;12;17;18;19;21;22;23;24;2348002
693;1;2;3;4;6;7;9;10;11;14;16;17;19;21;22;2067904
694;1;3;6;8;9;10;11;14;15;16;18;19;20;21;24;2648570
695;2;3;4;5;11;13;14;17;18;19;20;21;22;24;25;2853929
696;1;4;5;7;9;10;11;13;14;15;16;20;21;22;24;2702857
697;1;2;3;7;8;11;14;15;16;18;19;22;23;24;25;2244315
698;2;3;4;6;7;9;10;12;14;15;18;20;21;22;24;2867763
699;2;3;4;6;8;9;10;15;16;18;19;21;22;23;25;2876460
700;1;2;6;7;8;9;10;13;14;16;18;19;21;22;25;2434221
701;3;4;8;10;12;13;14;16;17;19;20;21;22;23;25;3175050
702;1;2;3;4;5;6;7;8;9;10;13;14;20;23;25;1962582
703;2;5;8;10;11;14;15;17;18;20;21;22;23;24;25;3085857
704;2;3;5;6;8;10;11;13;14;15;16;17;22;23;24;2929696
705;3;4;6;7;8;9;11;12;14;15;16;20;21;22;25;3152136
706;1;2;3;4;6;8;12;13;16;18;19;21;22;24;25;2088989
707;3;4;6;7;8;11;12;14;15;16;17;20;21;24;25;3155974
708;1;2;3;4;5;6;9;11;14;16;19;21;22;24;25;2003435
709;1;3;6;7;8;11;12;14;15;16;18;19;20;22;23;2642410
710;2;3;4;6;12;14;15;17;18;19;20;21;22;24;25;2885838
711;1;2;4;5;6;7;10;12;13;15;16;18;21;22;24;2276512
712;1;4;8;9;12;14;15;16;17;18;20;21;22;23;25;2738654
713;2;3;4;5;6;11;13;14;15;19;21;22;23;24;25;2821782
714;4;6;7;8;9;10;11;12;13;14;15;17;19;21;22;3241704
715;1;3;5;8;10;11;13;14;15;18;20;22;23;24;25;2632427
716;1;3;5;7;8;11;12;14;15;16;18;20;21;23;25;2623855
717;1;2;3;5;7;8;9;11;14;16;18;20;21;23;25;2177966
718;3;4;7;9;11;13;14;15;17;19;21;22;23;24;25;3172792
719;2;7;8;9;10;11;13;15;16;18;19;22;23;24;25;3095797
720;4;7;9;10;11;12;13;16;17;18;20;21;23;24;25;3252178
721;1;2;3;4;5;7;8;9;10;11;12;14;15;19;21;2010064
722;1;3;5;6;7;8;10;13;14;16;17;19;20;23;24;2593741
723;2;3;4;5;7;8;9;10;11;12;14;15;18;20;24;2822592
724;1;3;5;6;7;10;12;14;15;18;19;20;23;24;25;2602789
725;1;5;6;7;9;10;12;13;15;16;17;18;21;24;25;2749210
726;1;2;4;7;9;10;11;13;14;15;16;20;21;24;25;2371460
727;3;4;6;7;8;9;11;16;18;20;21;22;23;24;25;3152893
728;3;4;6;7;8;10;11;13;16;19;20;21;22;23;25;3154723
729;1;2;3;4;6;7;9;10;12;14;15;17;22;23;25;2068773
730;1;3;4;8;11;12;14;16;18;19;20;21;22;24;25;2582671
731;3;4;6;7;8;11;12;14;15;17;18;19;21;22;24;3156005
732;1;4;8;9;10;11;13;14;17;20;21;22;23;24;25;2737920
733;1;4;5;6;7;8;11;12;14;16;18;19;20;22;24;2672232
734;2;3;6;8;9;10;13;15;17;18;19;20;21;23;24;2969113
735;5;6;8;10;11;12;13;14;17;19;20;21;22;24;25;3260928
736;2;3;4;5;6;8;9;10;13;15;16;17;19;21;23;2805669
737;2;3;4;5;6;7;8;10;12;14;16;17;18;22;25;2787199
738;2;6;7;9;11;12;13;14;16;18;19;20;23;24;25;3092066
739;2;3;4;8;9;10;11;14;17;20;21;22;23;24;25;2899469
740;1;4;5;9;10;11;12;13;14;19;21;22;23;24;25;2710944
741;2;3;5;7;10;11;12;13;14;16;17;18;21;24;25;2947396
742;1;3;5;6;7;8;9;11;13;14;15;19;20;21;23;2589115
743;1;2;3;6;9;10;11;12;14;15;17;21;22;23;24;2232821
744;1;3;4;6;7;9;10;11;12;13;15;16;19;23;24;2545954
745;1;3;6;7;8;9;11;12;13;16;17;20;22;24;25;2638449
746;2;3;4;5;8;9;10;16;17;18;19;20;21;24;25;2844649
747;1;2;3;4;6;7;10;12;13;15;16;17;20;23;24;2074938
748;1;3;4;5;6;8;9;10;12;15;17;18;20;21;23;2485498
749;1;2;3;4;6;7;8;11;13;14;15;18;19;22;24;2064525
750;2;3;4;5;7;9;10;11;13;15;19;20;21;24;25;2834943
751;3;5;6;8;9;12;13;14;16;17;19;20;21;22;23;3190929
752;1;4;5;6;7;8;12;13;14;16;18;19;21;24;25;2673061
753;1;3;4;5;6;7;8;11;13;14;17;20;21;22;25;2469695
754;1;4;5;7;13;15;16;17;18;19;20;22;23;24;25;2706365
755;1;2;3;5;7;8;10;11;12;13;14;16;17;24;25;2179514
756;3;5;6;7;8;10;13;14;15;16;17;20;22;23;25;3182557
757;1;3;4;8;9;10;11;13;14;15;17;18;20;21;23;2579332
758;1;2;4;5;6;11;12;15;16;17;18;20;23;24;25;2298407
759;2;5;7;8;9;10;15;16;17;18;19;20;23;24;25;3080016
760;1;2;3;7;9;10;11;12;13;15;16;17;23;24;25;2244917
761;1;4;5;6;10;11;12;13;14;15;16;19;20;22;24;2692685
762;1;2;3;5;6;7;9;10;11;12;13;14;17;21;22;2142166
763;1;2;3;4;6;7;13;14;16;17;18;21;22;24;25;2077823
764;1;3;4;6;8;9;11;12;14;16;17;19;23;24;25;2557327
765;1;2;3;7;8;9;10;12;13;14;18;20;23;24;25;2238583
766;1;3;5;6;7;9;12;13;14;15;16;18;21;24;25;2600430
767;1;3;4;5;7;8;10;11;12;15;17;19;22;23;24;2509683
768;1;3;5;6;11;12;13;14;15;17;19;20;23;24;25;2616181
769;3;4;5;7;10;11;13;15;16;17;19;20;22;23;25;3141685
770;1;3;4;5;6;9;11;12;16;17;18;21;22;24;25;2498200
771;2;4;5;6;7;8;9;10;14;16;17;20;22;23;25;2985198
772;2;4;6;7;8;9;10;11;12;15;16;20;23;24;25;3033107
773;2;5;6;7;8;10;11;13;15;17;18;20;22;24;25;3065533
774;1;3;4;5;6;8;9;11;12;14;15;18;19;22;25;2486980
775;2;3;6;7;8;9;10;12;13;14;16;17;18;19;20;2956647
776;1;2;3;4;10;11;12;13;14;18;19;20;22;23;24;2128058
777;2;3;6;9;11;12;13;14;15;16;20;21;23;24;25;2972605
778;2;5;6;7;9;10;11;13;15;16;19;20;22;24;25;3068520
779;4;5;8;9;11;12;13;14;16;17;19;20;21;22;23;3240349
780;3;6;7;8;10;13;15;16;17;18;19;20;21;24;25;3206854
781;1;2;4;8;9;10;11;14;15;16;17;19;20;22;25;2376115
782;5;8;9;10;11;12;13;14;15;16;17;18;19;20;21;3264205
783;1;2;5;6;7;8;11;13;15;16;19;20;21;22;24;2391648
784;1;2;3;4;7;11;12;13;15;18;20;21;22;23;25;2116132
785;1;2;4;6;7;10;11;12;13;15;16;17;19;21;23;2347486
786;2;4;5;6;8;10;11;12;13;15;17;21;23;24;25;3006746
787;1;4;5;8;9;10;11;12;13;14;16;17;19;20;23;2706510
788;1;3;4;8;9;10;11;12;16;19;21;22;23;24;25;2579242
789;2;3;4;8;10;11;12;14;15;16;18;19;21;22;24;2901604
790;3;6;7;8;10;12;13;16;18;19;20;22;23;24;25;3206750
791;1;2;3;5;6;7;8;10;11;13;14;21;22;23;25;2136653
792;1;2;3;6;8;9;10;12;14;18;19;20;21;23;25;2226630
793;2;4;5;7;9;11;12;14;16;17;18;20;21;23;25;3024197
794;1;2;3;4;5;6;8;9;11;14;15;20;23;24;25;1989948
795;1;2;3;4;6;7;8;9;10;12;14;16;21;22;24;2055389
796;2;3;4;6;7;8;10;11;14;16;17;18;20;21;24;2861988
797;2;3;5;6;7;8;11;15;17;18;19;20;21;24;25;2915127
798;1;3;5;6;8;10;11;13;15;16;18;19;22;23;24;2610146
799;3;4;6;8;11;13;14;15;16;19;21;22;23;24;25;3165232
800;3;4;6;7;8;9;10;11;12;13;16;20;21;22;24;3149007
801;1;3;4;5;6;7;10;12;15;17;18;19;21;23;25;2480434
802;1;3;4;5;8;9;10;12;13;14;18;20;21;22;25;2523841
803;1;4;5;12;14;15;16;17;18;19;20;21;23;24;25;2712553
804;1;3;4;5;6;7;8;13;15;17;18;20;21;23;24;2471330
805;1;2;4;6;7;9;11;13;14;16;17;20;22;24;25;2346163
806;1;2;3;5;6;7;8;10;14;15;16;19;20;24;25;2138814
807;2;3;4;5;7;8;10;11;13;18;19;21;22;24;25;2830023
808;4;6;7;10;11;12;14;16;17;18;20;21;22;24;25;3247568
809;1;2;4;5;7;9;13;16;18;19;21;22;23;24;25;2315333
810;1;3;6;7;9;11;12;15;16;17;18;21;22;23;24;2645509
811;1;2;3;4;5;6;7;9;10;12;14;17;19;20;22;1974470
812;1;3;5;7;8;11;14;17;18;19;20;21;23;24;25;2624182
813;1;3;4;5;6;7;8;10;12;16;19;21;23;24;25;2467722
814;3;4;8;10;11;12;13;14;17;19;20;21;22;23;24;3174840
815;6;7;8;10;11;14;15;17;18;20;21;22;23;24;25;3266533
816;2;3;5;8;9;10;11;12;13;15;16;17;19;23;25;2948893
817;1;2;3;4;5;8;10;11;12;17;18;20;23;24;25;2041531
818;4;5;6;8;10;11;13;14;16;19;20;22;23;24;25;3230482
819;3;4;5;6;7;8;9;10;11;12;18;19;20;21;22;3098988
820;1;2;3;5;6;7;8;9;10;13;15;16;22;23;24;2131561
821;3;4;5;7;9;10;11;12;14;16;17;21;23;24;25;3138671
822;2;3;5;11;12;14;15;16;17;18;19;21;22;23;24;2954773
823;1;2;4;5;9;11;12;13;14;16;19;20;22;24;25;2328582
824;2;3;4;7;11;12;13;14;15;19;20;21;22;24;25;2897948
825;1;6;7;8;9;10;11;13;14;15;17;19;22;23;25;2767710
826;3;5;6;12;13;14;15;16;17;18;19;20;21;23;24;3194290
827;1;2;4;5;7;9;10;12;13;14;16;17;21;22;24;2312259
828;1;6;7;8;9;12;14;15;17;19;20;22;23;24;25;2769735
829;2;5;7;8;9;11;13;14;16;17;18;22;23;24;25;3080616
830;1;4;6;9;10;11;12;13;14;16;17;19;21;23;24;2729453
831;1;2;3;5;9;10;11;12;14;16;17;18;20;21;22;2201029
832;2;5;6;7;8;10;11;12;15;16;19;22;23;24;25;3065188
833;2;5;6;7;10;11;12;13;16;17;18;19;20;22;25;3070766
834;2;4;7;8;9;10;11;14;16;18;19;20;21;22;23;3052116
835;1;2;4;6;8;12;14;15;16;17;18;19;21;24;25;2358112
836;2;4;7;8;9;10;12;14;15;16;18;20;21;22;25;3052552
837;1;3;7;8;10;11;12;13;14;15;16;18;20;22;24;2656651
838;2;4;5;7;9;10;11;14;15;16;18;20;21;23;24;3022938
839;2;3;4;6;7;8;13;14;16;17;19;21;22;24;25;2865352
840;2;4;6;9;11;12;13;17;18;19;20;21;22;23;25;3050234
841;1;3;5;6;8;10;12;13;14;15;16;17;20;21;24;2610414
842;3;4;5;7;10;11;13;14;15;18;19;20;21;22;24;3141625
843;3;4;7;8;11;12;13;15;16;17;19;20;21;22;24;3171309
844;1;3;5;7;8;9;10;12;15;16;17;19;22;24;25;2618888
845;2;4;6;7;11;12;14;16;18;19;21;22;23;24;25;3044545
846;1;4;6;9;10;11;13;14;15;19;20;21;23;24;25;2729877
847;1;3;5;6;7;9;10;11;13;14;17;18;20;21;25;2597219
848;2;3;5;8;9;13;14;16;17;18;19;21;23;24;25;2951594
849;1;4;5;10;12;13;14;15;16;17;18;20;23;24;25;2712399
850;2;3;5;7;8;10;13;14;18;19;20;21;22;23;24;2943147
851;1;4;5;6;7;10;13;14;15;17;18;19;20;22;24;2680454
852;1;2;3;4;5;8;11;12;16;18;20;21;23;24;25;2044407
853;2;3;5;6;8;9;11;12;17;18;19;20;21;22;23;2927652
854;1;2;3;5;8;9;10;13;14;15;17;18;20;21;22;2195011
855;1;3;4;8;9;10;11;13;14;15;17;18;23;24;25;2579340
856;2;3;7;8;9;11;12;13;15;16;19;20;22;23;25;2975634
857;1;3;4;6;8;11;13;14;15;16;18;19;20;21;24;2561246
858;1;3;4;5;6;8;9;11;12;17;19;20;22;23;25;2487333
859;1;2;3;4;5;6;9;10;11;13;14;17;18;19;20;1999369
860;3;4;5;6;7;9;10;13;14;15;16;19;22;24;25;3112229
861;1;2;3;4;6;7;9;10;11;14;15;17;19;22;23;2067837
862;1;2;3;4;5;10;13;14;15;17;18;19;20;23;24;2052475
863;1;3;4;7;8;13;15;16;17;18;19;22;23;24;25;2574074
864;3;6;8;10;12;13;15;16;17;18;19;21;22;23;24;3210757
865;1;3;4;5;6;7;10;13;18;19;20;21;22;23;25;2480819
866;1;2;3;5;7;8;9;10;11;13;14;18;20;23;24;2173957
867;2;3;4;5;6;7;8;10;12;13;14;15;21;22;25;2786679
868;1;2;3;8;9;10;12;13;14;16;17;19;21;22;24;2250439
869;1;3;6;9;10;11;12;14;18;20;21;22;23;24;25;2652228
870;1;2;4;5;6;7;8;10;12;13;14;16;17;18;23;2263426
871;2;4;6;8;9;10;12;13;14;15;17;19;22;23;24;3046087
872;1;2;4;5;6;7;9;10;12;13;14;17;18;22;23;2269925
873;2;3;6;7;8;9;11;12;13;14;15;17;18;22;25;2957877
874;1;2;4;5;6;7;8;9;10;16;19;20;21;23;25;2258158
875;2;4;6;8;9;10;12;13;15;18;21;22;23;24;25;3046280
876;3;5;6;7;9;12;13;14;16;18;20;21;23;24;25;3186572
877;3;7;8;9;10;11;13;14;15;16;18;19;21;23;25;3211975
878;1;2;3;5;6;7;10;12;13;14;16;19;22;23;25;2150428
879;2;3;4;7;9;10;12;13;15;16;18;21;22;24;25;2895407
880;2;5;6;7;8;10;14;16;18;19;21;22;23;24;25;3066452
881;1;3;4;5;6;7;8;9;15;16;19;20;21;22;23;2465042
882;1;2;7;8;10;11;12;13;14;17;18;19;22;24;25;2453303
883;3;5;6;7;8;9;10;12;16;17;18;19;21;22;25;3178216
884;1;4;7;8;9;10;12;13;15;17;18;19;20;21;25;2732674
885;2;5;7;8;9;11;12;15;16;17;18;19;22;23;24;3080482
886;1;3;4;7;8;10;11;12;13;15;16;17;20;21;23;2571366
887;1;6;8;10;11;12;15;17;18;19;20;21;23;24;25;2774590
888;1;3;6;11;12;13;14;16;17;18;19;20;21;22;24;2653545
889;2;4;5;6;7;9;11;12;13;16;18;19;21;22;25;2996800
890;1;2;3;4;5;6;7;8;11;16;17;18;19;23;24;1970906
891;1;5;6;7;8;12;14;15;16;17;19;21;23;24;25;2747593
892;1;2;3;5;6;10;13;14;16;17;19;20;21;22;24;2171854
893;1;2;3;4;5;6;8;9;11;15;16;20;22;23;24;1990144
894;1;2;5;6;9;12;13;14;15;18;19;21;22;24;25;2411411
895;2;3;4;5;6;8;11;12;13;16;17;18;19;21;25;2812579
896;1;2;3;4;6;7;8;12;13;15;17;18;19;20;23;2065542
897;1;2;5;7;8;9;10;11;13;14;16;17;18;21;23;2414041
898;1;4;6;8;9;10;11;12;13;14;18;20;21;24;25;2725174
899;1;4;7;9;10;12;14;15;16;17;18;20;21;23;25;2736379
900;1;2;6;7;8;10;11;12;13;15;18;20;22;24;25;2436920
901;1;2;4;6;7;10;12;13;14;16;18;22;23;24;25;2348676
902;1;2;3;4;5;6;8;9;11;17;20;21;23;24;25;1990278
903;1;2;3;4;5;6;8;10;11;13;15;16;18;20;22;1993031
904;1;5;6;7;9;10;12;13;16;17;18;19;20;22;24;2749280
905;1;4;6;8;10;11;12;13;14;16;17;20;21;22;23;2728090
906;1;2;3;5;6;7;8;9;10;12;17;18;21;22;24;2131257
907;2;3;4;5;7;8;10;13;14;15;16;20;21;22;23;2831213
908;1;2;4;6;7;9;10;12;13;15;17;18;23;24;25;2344266
909;1;2;3;5;6;7;8;10;11;12;13;18;20;21;22;2135957
910;3;4;5;6;8;9;11;13;16;17;18;19;20;24;25;3121759
911;1;2;3;5;6;8;11;13;15;17;21;22;23;24;25;2164043
912;2;3;4;7;10;14;15;16;17;18;19;20;21;22;23;2897854
913;3;4;5;6;10;12;13;15;17;18;19;20;22;24;25;3129542
914;1;3;4;5;6;10;11;12;15;17;18;20;22;23;24;2500173
915;1;2;4;5;6;8;10;11;13;18;20;22;23;24;25;2287316
916;1;2;3;4;5;6;7;11;13;14;17;18;19;23;24;1983693
917;1;2;3;4;5;6;11;13;14;17;19;20;21;22;24;2008865
918;1;2;3;4;6;8;9;13;14;15;16;17;21;22;23;2083916
919;1;2;3;4;5;7;9;10;11;13;14;17;19;21;22;2023698
920;1;2;3;4;5;6;10;12;13;15;16;19;20;22;23;2006898
921;1;2;3;4;7;9;12;15;16;17;18;19;21;24;25;2113581
922;2;4;5;6;8;9;12;15;16;17;20;21;22;23;24;3006145
923;1;3;4;5;6;7;10;12;14;15;19;20;22;24;25;2480283
924;1;2;6;7;8;9;10;12;14;16;17;18;19;20;24;2433852
925;1;3;4;6;7;9;12;13;14;15;16;22;23;24;25;2550058
926;1;5;6;7;8;9;10;11;12;13;14;15;19;21;24;2739757
927;2;3;5;6;9;11;13;14;16;17;20;21;22;23;25;2934474
928;1;4;6;8;9;10;11;12;14;15;17;19;23;24;25;2725492
929;1;2;4;5;7;8;9;10;11;14;18;20;21;23;25;2300442
930;2;3;5;6;9;11;12;14;15;16;20;22;23;24;25;2934260
931;2;3;5;6;8;10;11;12;14;16;19;20;22;24;25;2929511
932;1;4;5;8;12;13;14;15;16;18;20;21;22;23;25;2710683
933;2;3;4;5;6;7;10;11;14;15;16;17;19;23;24;2799162
934;2;3;4;8;9;10;11;14;19;20;21;22;23;24;25;2899470
935;1;2;3;4;5;6;7;9;10;12;14;18;19;22;23;1974496
936;1;2;3;4;6;7;8;13;15;17;18;19;20;23;25;2066281
937;1;2;6;9;10;11;12;13;14;16;19;20;23;24;25;2448468
938;2;3;4;6;7;10;11;13;15;16;17;18;19;20;25;2871479
939;1;4;5;6;7;9;10;11;15;16;18;19;20;21;25;2675240
940;2;3;4;6;7;9;13;14;16;17;18;19;20;24;25;2870343
941;1;2;3;4;5;7;8;9;10;11;15;16;18;23;25;2010947
942;1;3;4;5;6;7;11;12;13;18;19;20;21;22;24;2481441
943;3;4;5;6;9;10;12;13;14;15;17;18;21;22;23;3127046
944;1;8;9;10;11;12;13;14;16;17;18;19;21;24;25;2777859
945;2;3;4;5;6;9;11;13;18;19;20;21;23;24;25;2818321
946;1;7;8;9;10;14;16;17;18;19;20;21;22;24;25;2776386
947;1;2;3;5;7;9;10;11;12;15;16;18;20;22;24;2185178
948;1;2;5;6;8;9;11;13;16;17;18;19;21;22;24;2404701
949;1;6;7;8;9;10;11;12;13;14;15;16;17;21;23;2766835
950;2;4;5;7;8;9;12;13;14;17;18;19;20;21;25;3018235
951;3;7;8;9;10;13;14;15;17;19;20;21;22;23;25;3212406
952;1;3;4;6;8;11;12;14;17;18;19;21;22;23;25;2561160
953;1;2;5;6;7;9;10;12;13;14;15;16;18;21;24;2394345
954;3;5;6;8;10;11;12;13;14;16;18;20;23;24;25;3191290
955;1;2;4;5;7;9;10;11;12;13;14;16;18;21;24;2310501
956;2;3;4;5;6;8;11;12;13;16;17;18;19;21;22;2812577
957;1;3;4;5;6;7;8;13;15;16;21;22;23;24;25;2471317
958;1;4;5;6;9;12;13;14;16;17;19;20;21;22;24;2692440
959;2;5;6;9;11;12;14;16;19;20;21;22;23;24;25;3077410
960;1;2;3;4;6;7;10;12;14;16;17;18;20;21;24;2075256
961;1;2;3;4;5;7;9;11;12;15;18;20;21;22;25;2027009
962;1;4;6;8;9;11;13;14;15;17;20;21;22;23;25;2727504
963;3;4;6;7;9;10;11;14;15;16;17;18;19;23;24;3157744
964;1;2;3;4;7;9;10;11;15;17;18;19;20;21;23;2110486
965;3;4;8;9;10;11;13;14;15;16;18;19;21;22;24;3173894
966;2;3;4;5;6;7;8;10;11;12;17;19;21;22;25;2785645
967;2;3;4;6;8;9;10;11;16;17;20;21;22;23;25;2875177
968;2;3;4;5;7;9;11;13;14;16;18;19;20;21;25;2837603
969;1;3;4;5;9;10;11;12;16;17;18;19;20;22;24;2530651
970;1;3;6;8;9;10;12;15;17;18;19;20;21;23;24;2649178
971;3;4;5;6;7;9;10;11;18;20;21;22;23;24;25;3111372
972;1;3;6;8;11;13;14;15;16;20;21;22;23;24;25;2651662
973;1;2;3;5;6;8;11;14;15;18;20;21;22;24;25;2164169
974;1;4;6;7;8;9;10;12;14;15;17;19;21;22;24;2714830
975;1;2;4;6;7;10;11;12;13;14;16;17;19;20;24;2347358
976;1;2;3;4;6;7;10;11;13;14;19;21;23;24;25;2074114
977;1;2;6;7;8;10;11;13;14;17;18;20;22;23;24;2437537
978;3;4;5;6;7;8;9;11;12;13;14;15;16;18;25;3101661
979;2;5;6;7;8;9;10;14;16;19;21;22;23;24;25;3062406
980;1;2;6;7;8;9;10;11;12;13;17;20;21;22;24;2431982
981;1;2;3;4;6;8;9;12;16;18;19;21;22;24;25;2083874
982;1;3;4;5;6;7;9;13;14;17;18;20;21;23;24;2477681
983;2;4;5;6;7;8;10;11;14;15;16;18;19;21;25;2989799
984;2;4;8;9;10;11;12;13;15;20;21;22;23;24;25;3057370
985;3;4;6;7;9;12;13;14;17;18;21;22;23;24;25;3159447
986;1;2;5;7;11;13;14;15;16;18;20;21;22;23;24;2425239
987;2;4;5;6;7;9;11;12;13;15;18;19;20;22;23;2996740
988;1;3;5;7;9;11;12;13;15;16;17;19;20;24;25;2626716
989;3;4;6;8;9;10;13;14;15;17;18;19;22;23;24;3162828
990;1;5;6;7;8;10;11;12;13;15;16;19;20;22;24;2745003
991;1;2;5;6;7;9;12;14;15;17;18;21;22;24;25;2397287
992;1;3;4;5;7;8;9;10;11;13;15;17;19;20;24;2503511
993;2;4;5;7;9;10;12;14;17;20;21;22;23;24;25;3023504
994;3;5;7;8;9;11;12;13;14;15;16;18;22;23;25;3196357
995;1;2;3;4;7;8;9;12;13;14;17;20;22;23;24;2102770
996;2;3;4;6;7;9;13;16;17;18;20;21;23;24;25;2870415
997;2;4;5;7;9;10;12;15;16;17;18;19;22;23;24;3023515
998;1;2;3;4;5;9;11;12;14;17;19;20;21;22;23;2049289
999;1;2;5;6;7;8;10;12;13;14;15;16;18;21;24;2389340
1000;2;3;4;8;11;12;13;14;15;16;17;18;19;20;22;2902234
1001;5;6;7;8;10;11;12;13;14;17;19;20;21;23;25;3256459
1002;3;4;8;10;12;13;14;15;16;17;18;20;21;22;24;3175019
1003;1;2;3;6;8;10;12;14;16;17;19;20;21;23;25;2230970
1004;1;2;3;6;10;12;14;15;18;19;20;21;22;24;25;2236173
1005;1;5;7;9;10;12;14;15;16;18;19;20;21;22;24;2763521
1006;1;3;4;5;6;7;9;13;14;15;16;20;22;23;24;2477555
1007;1;2;3;6;7;9;10;11;12;18;20;22;23;24;25;2217161
1008;1;3;6;7;8;9;10;12;13;16;17;18;19;21;22;2637133
1009;2;4;6;9;10;11;12;14;15;17;18;19;20;22;24;3049459
1010;1;2;4;6;8;10;11;13;14;15;16;19;21;22;23;2356075
1011;1;3;4;5;7;9;10;13;15;17;18;19;23;24;25;2516658
1012;1;2;7;9;11;12;14;15;16;17;18;21;22;24;25;2455657
1013;1;2;3;4;5;7;10;11;13;17;18;19;20;21;23;2030541
1014;1;2;8;9;10;12;13;14;17;18;20;22;23;24;25;2457129
1015;1;2;3;5;6;7;8;13;15;16;17;18;20;21;23;2141813
1016;1;2;3;5;6;11;12;14;15;16;19;20;21;23;25;2172356
1017;1;2;3;4;8;9;10;11;12;15;16;17;19;21;23;2117575
1018;2;4;5;7;8;10;11;12;14;16;17;18;19;22;24;3019362
1019;1;2;3;4;5;7;8;10;12;17;18;20;21;22;23;2018934
1020;2;3;5;7;9;11;12;13;15;16;18;19;20;21;24;2946498
1021;1;5;6;9;10;13;14;15;16;18;19;20;21;22;23;2757387
1022;1;3;4;5;7;8;9;10;14;16;18;21;22;24;25;2505712
1023;1;2;3;6;7;8;9;11;13;14;16;18;21;22;23;2209332
1024;1;2;4;7;9;10;11;12;13;14;17;20;21;22;23;2370827
1025;1;2;7;9;11;13;14;15;16;17;18;19;22;23;25;2455707
1026;1;5;6;7;11;12;14;15;16;18;19;20;21;23;24;2751887
1027;1;3;5;6;8;9;10;12;14;15;16;19;21;23;25;2606336
1028;4;5;6;7;8;9;10;11;16;17;19;20;23;24;25;3216195
1029;1;2;3;6;8;11;13;14;17;18;19;22;23;24;25;2231865
1030;1;2;3;4;8;9;10;11;15;16;17;18;19;20;23;2118439
1031;1;2;4;5;6;9;11;12;14;15;17;19;20;22;24;2294496
1032;1;2;3;4;6;8;10;11;13;14;16;17;18;20;23;2085437
1033;3;4;6;7;8;12;13;14;16;17;18;21;22;23;24;3156425
1034;2;3;4;6;8;10;12;13;14;17;18;19;20;21;23;2879952
1035;4;6;7;9;12;13;14;15;18;19;20;21;22;23;25;3247319
1036;4;5;7;9;10;11;12;14;17;18;19;20;21;22;24;3237872
1037;1;5;6;9;10;11;12;15;17;18;20;21;23;24;25;2756914
1038;2;6;7;8;9;10;13;16;17;18;19;20;21;24;25;3088529
1039;1;2;3;8;9;12;13;14;15;18;19;20;21;22;24;2251794
1040;1;2;4;6;8;9;10;12;13;16;20;21;22;23;25;2352366
1041;1;3;5;7;10;12;13;15;17;19;20;21;23;24;25;2628351
1042;1;3;6;7;8;9;10;11;14;15;16;19;21;22;24;2636483
1043;1;2;6;7;8;9;10;11;12;14;17;18;19;24;25;2432212
1044;2;4;5;6;7;8;10;11;12;15;17;20;23;24;25;2989189
1045;2;3;5;6;9;11;15;16;17;20;21;22;23;24;25;2934586
1046;3;4;5;7;8;11;12;13;14;18;20;21;22;23;25;3137256
1047;4;7;8;9;10;11;12;15;16;17;20;21;22;24;25;3250667
1048;1;2;3;5;6;7;9;10;15;16;17;18;20;21;25;2145411
1049;2;4;5;9;12;14;16;17;18;19;20;21;22;23;25;3031856
1050;1;4;6;7;10;12;13;15;16;17;19;21;22;24;25;2724420
1051;2;3;4;7;8;10;11;13;14;16;18;20;21;23;25;2891823
1052;1;3;4;5;6;8;10;11;16;17;18;20;21;23;24;2491114
1053;1;2;3;4;6;11;12;13;14;15;17;18;22;23;24;2096481
1054;2;3;4;5;6;9;12;13;15;16;17;18;20;24;25;2818712
1055;1;2;3;7;8;9;10;12;13;14;18;22;23;24;25;2238584
1056;2;4;5;6;8;9;10;11;14;15;18;19;21;22;23;3002882
1057;1;4;6;7;8;9;11;13;14;16;19;20;21;23;25;2716528
1058;4;5;6;7;9;12;13;16;17;18;20;21;22;24;25;3225383
1059;1;2;3;5;7;8;11;14;15;16;19;20;21;22;24;2183586
1060;1;2;4;5;7;8;13;14;15;16;17;20;21;22;23;2310195
1061;2;3;5;7;8;9;12;14;15;16;19;21;22;23;24;2940915
1062;3;4;5;7;8;9;11;13;15;16;17;19;20;23;25;3134071
1063;2;5;6;7;10;12;13;14;15;16;20;21;22;24;25;3071238
1064;2;3;7;8;9;10;11;14;15;16;18;19;21;24;25;2974534
1065;2;3;4;5;6;12;14;15;17;19;20;21;22;24;25;2822118
1066;2;4;5;6;10;11;14;16;17;18;19;21;22;23;24;3013096
1067;1;2;3;4;5;7;10;11;13;14;15;17;21;22;25;2030194
1068;2;6;7;10;11;13;14;15;16;17;18;20;21;22;24;3092553
1069;1;3;4;8;10;11;12;13;15;16;17;22;23;24;25;2581706
1070;4;9;10;11;12;13;16;18;19;20;21;22;23;24;25;3253191
1071;2;3;4;5;6;10;11;12;13;14;16;17;21;22;24;2819360
1072;1;2;3;4;5;7;9;13;14;15;17;20;22;23;25;2028790
1073;1;3;4;5;6;7;13;16;17;19;20;21;22;23;24;2482929
1074;1;4;7;8;9;10;11;13;17;20;21;22;23;24;25;2732239
1075;1;2;6;9;10;12;15;16;17;18;21;22;23;24;25;2449219
1076;4;9;10;11;12;13;14;15;16;17;18;20;21;22;25;3253148
1077;1;2;5;6;7;8;10;12;13;14;15;19;20;21;24;2389421
1078;2;4;5;6;7;9;10;11;13;17;18;21;23;24;25;2994749
1079;5;6;7;8;11;13;14;15;16;17;19;20;21;22;24;3257497
1080;2;3;5;6;10;11;12;14;15;16;17;21;22;23;25;2935240
1081;1;5;6;7;10;12;13;14;15;16;18;19;21;22;23;2751454
1082;3;7;9;10;11;13;15;16;17;18;19;21;22;23;24;3213526
1083;1;2;3;4;6;11;13;16;17;18;20;21;22;23;24;2097048
1084;1;2;3;4;5;6;7;9;10;13;17;18;21;24;25;1975200
1085;3;6;7;8;9;10;14;16;18;19;21;22;23;24;25;3204859
1086;2;4;5;7;10;12;13;15;17;18;19;21;22;23;24;3025639
1087;2;3;4;6;9;12;13;16;17;18;19;20;21;23;24;2884360
1088;1;2;3;5;6;7;9;10;12;13;18;19;20;22;23;2144247
1089;2;3;4;6;8;12;13;14;15;16;19;21;22;23;24;2881253
1090;3;5;8;9;10;11;13;14;15;17;18;20;21;22;24;3201051
1091;2;4;5;6;7;9;10;12;13;14;16;20;23;24;25;2995287
1092;4;5;8;9;11;12;13;14;15;18;19;20;22;24;25;3240330
1093;1;2;4;5;6;9;10;11;13;18;21;22;23;24;25;2292321
1094;1;2;3;4;5;6;8;9;10;12;14;16;19;22;25;1987312
1095;2;3;5;6;7;9;15;16;17;18;21;22;23;24;25;2920857
1096;1;2;4;7;8;10;12;13;14;15;20;21;22;23;25;2369010
1097;4;5;6;9;10;12;14;15;16;18;19;20;23;24;25;3232145
1098;3;4;5;7;8;10;11;12;14;15;16;18;23;24;25;3135562
1099;2;3;6;7;8;11;12;13;14;16;21;22;23;24;25;2961993
1100;5;6;7;9;10;11;12;14;15;16;18;19;20;23;24;3257995
1101;1;2;3;6;9;10;11;13;15;17;18;19;23;24;25;2233322
1102;2;3;5;6;8;12;14;15;18;19;20;21;22;23;24;2931787
1103;2;4;5;7;9;10;11;12;14;16;18;20;21;22;25;3022403
1104;2;5;6;8;9;11;13;14;15;16;18;19;21;22;23;3074371
1105;1;2;4;6;7;9;11;13;15;17;18;20;23;24;25;2346283
1106;2;3;4;9;10;11;12;13;14;15;16;19;21;23;24;2902660
1107;1;2;4;8;9;10;11;12;14;16;18;19;20;21;24;2375594
1108;1;2;4;5;7;8;9;12;13;14;17;21;22;24;25;2304323
1109;1;4;5;6;7;8;9;10;11;17;18;19;20;21;25;2663857
1110;1;2;3;4;6;9;10;15;17;18;19;20;22;24;25;2092374
1111;2;3;4;6;9;11;12;13;14;15;16;22;23;24;25;2883556
1112;1;2;3;6;7;8;12;13;15;16;17;18;20;22;24;2215748
1113;1;3;6;7;9;12;13;14;15;17;19;20;22;24;25;2645834
1114;1;2;3;4;5;6;8;10;11;12;15;18;19;20;22;1992634
1115;2;3;7;8;9;10;11;12;17;18;20;22;23;24;25;2974158
1116;1;2;3;4;5;6;9;12;15;17;18;21;22;24;25;2004327
1117;1;2;3;5;7;8;11;12;13;14;15;16;19;21;23;2182454
1118;1;2;5;6;8;10;11;13;14;15;20;21;23;24;25;2406527
1119;1;2;3;5;6;7;8;10;12;14;15;17;18;20;23;2137893
1120;2;4;5;6;8;9;10;12;13;14;16;17;18;19;24;3003231
1121;1;2;4;5;6;8;9;11;12;17;18;20;22;23;25;2283838
1122;2;3;7;10;11;12;13;14;16;19;20;21;23;24;25;2979213
1123;2;4;6;7;8;10;11;13;15;16;17;19;22;23;24;3038361
1124;1;3;4;5;6;8;10;12;13;15;19;21;22;24;25;2491514
1125;1;3;4;6;9;11;12;13;15;16;17;18;21;22;25;2563944
1126;3;5;6;7;8;12;13;16;17;18;19;22;23;24;25;3183619
1127;1;3;4;6;8;9;11;13;14;15;16;17;22;23;24;2557536
1128;1;2;3;4;6;7;10;11;12;14;16;17;20;24;25;2073558
1129;2;3;4;5;7;8;12;13;16;17;18;19;21;22;23;2833230
1130;1;2;5;8;10;11;12;13;14;15;17;20;22;24;25;2428463
1131;2;3;4;6;12;14;15;16;17;19;20;21;22;24;25;2885836
1132;1;2;6;7;8;9;11;12;13;14;17;21;22;23;24;2434778
1133;2;4;5;6;7;8;9;10;12;13;14;16;18;24;25;2983772
1134;1;2;4;8;10;11;12;13;14;15;17;18;20;23;25;2378057
1135;3;4;5;8;9;10;12;15;16;17;18;19;23;24;25;3144163
1136;1;2;5;6;7;9;10;11;15;17;18;19;21;22;24;2394256
1137;2;4;5;7;8;9;10;11;12;15;19;20;21;23;25;3014597
1138;1;2;3;5;6;7;10;11;13;15;16;18;20;21;22;2149743
1139;1;2;3;6;11;13;14;15;16;17;18;19;21;22;25;2236486
1140;3;4;5;6;7;8;10;15;18;19;20;21;23;24;25;3107645
1141;5;6;9;10;11;12;13;15;16;17;18;22;23;24;25;3261399
1142;2;4;7;8;9;10;12;13;15;16;19;20;22;23;24;3052439
1143;1;3;4;6;10;11;12;13;14;16;17;18;23;24;25;2564863
1144;2;3;4;6;7;8;10;13;14;17;18;19;23;24;25;2863163
1145;3;4;5;6;8;9;11;13;14;15;16;17;18;23;24;3121474
1146;2;3;4;5;7;11;13;15;17;18;19;21;22;24;25;2841299
1147;1;6;7;8;9;11;12;14;15;16;18;19;20;22;25;2769190
1148;1;3;4;5;6;9;10;13;14;16;17;18;19;20;24;2497064
1149;1;2;3;6;7;8;10;12;15;17;18;19;21;22;23;2213684
1150;5;7;8;9;11;12;13;14;15;17;18;20;22;23;24;3262895
1151;1;3;7;9;10;11;12;14;15;16;20;21;22;24;25;2658352
1152;3;4;5;7;8;9;10;12;16;18;19;20;21;22;25;3132535
1153;1;2;3;5;6;8;9;12;13;15;18;19;20;24;25;2159037
1154;1;3;4;5;10;11;13;15;16;17;19;21;23;24;25;2533528
1155;1;2;3;4;8;9;12;13;15;16;18;19;22;24;25;2121385
1156;1;3;4;6;7;11;12;13;14;15;17;21;22;24;25;2552810
1157;2;4;5;6;7;8;11;12;13;15;16;18;21;22;24;2991679
1158;2;3;5;7;10;13;14;15;16;17;19;20;22;24;25;2948205
1159;1;2;3;4;6;8;9;14;15;16;17;22;23;24;25;2084249
1160;2;4;5;6;7;8;10;11;15;16;17;18;21;22;25;2989985
1161;1;2;4;5;6;8;10;11;15;17;18;19;22;24;25;2287593
1162;1;3;4;7;9;11;13;15;18;19;20;21;23;24;25;2576743
1163;2;6;7;9;11;12;13;14;16;17;19;20;21;23;24;3092059
1164;3;4;5;8;10;11;13;15;17;20;21;22;23;24;25;3146069
1165;1;2;3;5;8;9;10;12;15;17;18;19;21;22;25;2194874
1166;2;4;5;6;9;10;12;14;15;17;18;19;20;21;24;3011068
1167;1;2;4;5;7;8;9;11;12;14;15;16;18;21;23;2302870
1168;1;3;4;5;7;8;9;10;11;13;16;19;23;24;25;2503627
1169;2;3;4;7;8;9;12;15;16;17;18;21;22;24;25;2890607
1170;1;2;4;7;8;10;13;15;16;18;19;20;21;22;25;2369522
1171;1;7;8;11;12;13;14;15;16;17;18;20;21;22;23;2777126
1172;2;6;8;9;10;11;12;13;14;16;19;20;23;24;25;3092956
1173;1;2;4;5;7;8;9;11;14;16;18;19;20;21;22;2303924
1174;1;2;3;5;6;8;9;10;11;13;15;17;18;19;23;2154588
1175;1;3;4;8;10;12;13;14;15;19;20;21;23;24;25;2582260
1176;2;3;5;7;10;11;12;13;15;16;18;19;20;23;25;2947502
1177;2;3;5;6;8;9;10;11;12;16;17;20;22;23;25;2924738
1178;1;4;7;8;9;11;12;16;17;18;19;20;21;23;24;2733609
1179;1;2;3;5;6;7;8;9;13;15;18;19;20;21;25;2135219
1180;1;2;6;7;8;9;10;11;13;14;15;19;20;22;23;2432583
1181;3;4;5;6;7;8;9;11;13;14;20;21;22;23;24;3102824
1182;3;6;7;8;10;12;13;16;18;19;20;21;22;24;25;3206750
1183;1;3;4;9;11;13;14;15;16;18;19;20;22;24;25;2584072
1184;2;4;6;7;10;11;12;14;16;17;18;19;20;21;25;3043752
1185;3;5;6;7;9;13;14;16;18;19;21;22;23;24;25;3186725
1186;1;2;4;5;6;9;11;14;15;16;18;20;22;23;24;2295110
1187;1;2;4;7;8;10;11;12;14;16;19;21;22;23;25;2368240
1188;1;2;4;5;6;8;10;12;13;14;18;20;22;23;24;2287892
1189;3;4;5;8;9;12;13;14;15;17;18;19;20;21;25;3145192
1190;2;3;4;6;9;10;11;14;15;16;17;21;22;23;25;2882641
1191;1;2;3;5;7;10;12;13;14;16;17;18;22;24;25;2190852
1192;1;2;3;4;5;6;9;11;12;13;15;16;19;20;21;2002115
1193;1;4;7;8;9;10;13;14;15;18;19;20;22;23;25;2732981
1194;2;4;8;9;10;12;15;16;17;18;19;22;23;24;25;3058006
1195;1;5;6;9;10;11;12;14;15;17;18;19;20;22;25;2756821
1196;1;2;4;6;7;8;9;11;12;16;17;18;19;20;23;2335043
1197;1;4;5;6;7;8;11;13;14;16;17;18;20;24;25;2672538
1198;1;3;4;6;7;9;10;11;15;17;20;21;22;23;25;2547371
1199;1;2;3;4;5;6;10;14;15;16;19;21;22;24;25;2007764
1200;3;4;5;6;7;8;10;11;12;14;15;16;22;24;25;3105169
1201;5;6;9;10;11;14;16;18;19;20;21;22;23;24;25;3261549
1202;2;3;4;8;10;13;14;16;17;18;19;20;23;24;25;2902206
1203;1;2;3;5;6;11;12;13;14;15;17;22;23;24;25;2172078
1204;1;2;5;7;8;9;12;13;15;16;19;20;21;22;23;2417531
1205;1;3;6;8;9;11;12;14;17;18;20;21;22;24;25;2649860
1206;1;3;5;7;10;11;13;14;15;18;21;22;23;24;25;2628059
1207;1;3;4;7;9;10;11;12;13;14;15;18;19;21;24;2574188
1208;1;2;3;4;5;10;11;14;15;18;19;20;22;24;25;2051834
1209;3;4;5;7;8;9;10;11;14;15;16;18;19;20;24;3131465
1210;1;2;4;8;10;11;13;15;16;18;19;20;21;22;25;2378609
1211;1;2;3;5;7;10;11;12;13;15;16;17;20;23;24;2189702
1212;1;2;3;5;6;7;8;9;10;15;16;17;18;20;24;2132018
1213;2;3;5;6;7;8;9;10;14;17;18;20;23;24;25;2907714
1214;1;2;3;4;5;7;8;9;13;14;18;19;20;21;23;2015752
1215;3;7;9;11;12;13;14;15;16;17;18;20;21;22;24;3213632
1216;1;2;3;7;10;12;14;15;17;18;20;21;22;23;24;2248547
1217;1;3;6;7;8;9;10;11;12;13;17;19;20;24;25;2635466
1218;1;2;3;4;5;7;9;10;11;13;14;18;20;21;23;2023725
1219;2;3;4;5;6;8;9;10;14;16;19;20;22;23;25;2806038
1220;2;3;4;5;6;7;9;13;14;17;18;19;20;23;25;2797444
1221;2;3;4;6;9;10;12;14;15;18;19;21;22;23;24;2883183
1222;1;2;3;4;5;8;9;10;11;13;15;17;20;22;24;2035274
1223;2;6;7;8;9;10;13;14;16;17;18;20;21;22;23;3088465
1224;1;2;4;5;6;8;9;11;12;14;15;16;17;18;19;2283391
1225;2;3;5;7;11;13;14;15;17;18;20;21;23;24;25;2948506
1226;1;3;5;7;8;10;11;14;15;17;19;21;22;23;24;2622673
1227;1;2;7;8;9;10;11;12;13;14;17;19;21;22;25;2450332
1228;1;2;3;4;6;7;9;10;12;13;17;20;22;23;24;2068660
1229;1;2;3;5;6;7;8;13;14;17;19;20;22;24;25;2141792
1230;1;2;3;5;6;7;8;10;11;12;13;17;18;19;21;2135913
1231;1;3;4;5;7;8;12;13;15;16;18;20;21;22;25;2513416
1232;2;3;5;6;9;10;13;14;15;16;19;21;23;24;25;2933709
1233;1;4;5;9;10;13;14;15;16;17;18;19;22;23;25;2711679
1234;1;2;5;8;9;10;14;16;17;18;19;20;21;24;25;2427342
1235;1;2;3;4;6;9;10;11;12;13;15;17;18;20;24;2089659
1236;1;2;3;5;6;7;9;10;11;12;13;17;19;23;25;2142371
1237;3;5;6;7;8;9;10;12;13;14;18;21;22;24;25;3177698
1238;2;3;5;7;8;9;11;13;14;15;16;17;18;21;25;2940047
1239;5;6;8;9;10;11;12;13;14;15;16;18;20;22;24;3259494
1240;1;2;3;4;5;6;9;12;13;16;18;19;20;22;24;2004002
1241;1;4;5;8;9;10;11;12;13;15;17;20;22;24;25;2706722
1242;1;2;4;5;7;11;14;15;16;19;20;21;23;24;25;2318079
1243;1;2;4;5;6;8;12;13;14;15;16;17;22;24;25;2290256
1244;1;3;5;7;9;10;11;12;13;16;17;19;21;23;25;2624885
1245;2;3;4;5;6;8;9;11;15;16;17;18;19;21;25;2807791
1246;1;4;7;8;9;10;12;13;16;17;18;19;22;24;25;2732709
1247;2;3;7;8;9;11;15;16;17;18;19;20;23;24;25;2976079
1248;1;3;5;10;11;12;13;15;16;17;19;20;22;24;25;2634718
1249;3;4;5;6;9;12;13;14;15;18;19;20;22;24;25;3128470
1250;2;3;4;5;7;9;10;14;15;17;18;19;20;24;25;2836544
1251;2;6;7;8;9;10;14;15;16;17;19;20;21;23;25;3088553
1252;1;3;4;5;6;8;9;10;11;12;15;20;21;23;24;2483650
1253;1;2;3;5;6;7;11;15;16;18;20;22;23;24;25;2152793
1254;2;3;8;9;11;12;14;15;16;17;18;20;21;22;23;2980733
1255;1;2;4;6;7;9;10;13;14;16;18;20;21;23;25;2344890
1256;1;2;6;8;10;11;12;13;14;15;16;18;19;22;23;2446966
1257;1;2;5;6;8;10;11;12;13;14;16;19;20;22;25;2405795
1258;2;3;4;5;6;8;9;10;12;13;14;20;21;23;25;2804680
1259;2;5;8;9;10;13;14;16;17;18;19;20;22;23;25;3085183
1260;1;2;3;4;5;6;7;11;14;15;17;18;20;22;24;1984034
1261;1;4;5;7;10;12;15;16;17;18;19;20;21;22;25;2705928
1262;1;3;4;6;8;11;12;13;16;17;20;21;22;23;24;2561028
1263;3;4;5;8;9;10;11;12;13;16;18;20;22;23;25;3142843
1264;1;4;5;8;10;11;12;14;17;18;21;22;23;24;25;2709817
1265;1;2;3;4;7;11;13;14;15;16;19;22;23;24;25;2116389
1266;1;2;3;5;6;8;9;10;11;13;14;15;20;23;24;2154398
1267;2;3;5;6;7;9;11;12;13;15;16;17;18;22;25;2919125
1268;1;2;3;6;7;8;11;12;13;15;17;18;21;22;24;2214576
1269;1;4;5;7;8;11;13;14;16;17;18;20;21;22;23;2701587
1270;1;2;3;4;5;6;8;9;10;11;13;20;21;23;25;1986389
1271;1;2;4;6;8;9;11;12;13;14;17;18;23;24;25;2353435
1272;1;4;7;9;10;14;15;17;18;19;20;21;23;24;25;2736485
1273;1;3;5;6;8;11;12;13;14;15;18;19;20;22;24;2611211
1274;1;3;7;8;10;11;12;13;14;15;18;19;20;22;25;2656711
1275;3;6;7;8;10;11;13;14;15;16;17;18;20;23;25;3206382
1276;1;3;5;7;10;12;14;15;16;18;19;21;22;23;24;2628387
1277;1;2;3;4;6;9;10;12;13;15;17;18;21;22;25;2091440
1278;4;6;7;9;10;12;15;16;17;18;19;20;21;22;24;3246923
1279;1;3;4;7;8;9;11;12;13;14;16;18;19;21;23;2569252
1280;1;3;4;5;7;9;11;14;15;17;19;22;23;24;25;2518075
1281;1;3;5;6;8;9;12;13;15;19;21;22;23;24;25;2608678
1282;5;6;7;9;10;11;12;14;17;19;20;21;22;23;25;3258073
1283;2;6;7;8;9;10;11;12;13;15;16;17;18;22;23;3086853
1284;2;4;5;7;8;10;11;13;16;17;18;20;22;23;25;3019865
1285;1;2;6;7;10;11;12;15;16;17;18;20;22;24;25;2443019
1286;1;3;4;5;7;10;11;12;16;17;19;20;21;23;25;2519653
1287;3;4;5;6;9;11;13;17;18;19;21;22;23;24;25;3128334
1288;1;2;5;9;10;13;15;16;17;18;19;20;23;24;25;2430708
1289;1;2;5;7;8;11;13;15;16;17;18;20;22;24;25;2420616
1290;1;3;4;5;6;11;13;14;16;19;20;21;22;23;25;2502040
1291;1;6;7;8;10;11;12;13;15;16;18;19;20;21;24;2770069
1292;1;2;3;7;8;10;11;14;15;17;19;22;23;24;25;2242825
1293;1;2;7;8;9;10;11;12;13;15;17;18;20;22;24;2450445
1294;2;5;6;7;8;10;11;12;13;14;16;18;20;23;25;3064638
1295;3;6;9;10;11;12;13;14;15;17;18;19;23;24;25;3210942
1296;5;7;9;10;11;14;15;16;17;18;19;20;21;23;25;3263922
1297;1;2;5;6;7;8;9;10;11;12;16;17;18;19;22;2381825
1298;2;3;4;6;7;9;12;17;18;20;21;22;23;24;25;2870253
1299;1;3;5;7;8;11;13;17;18;19;20;21;22;23;25;2624137
1300;2;6;7;9;10;11;12;13;14;15;18;20;23;24;25;3091075
1301;1;2;3;4;6;7;9;10;14;16;17;19;22;24;25;2069762
1302;3;4;6;9;11;12;13;14;15;16;17;18;20;22;25;3166364
1303;1;5;8;9;10;11;13;14;15;16;18;19;20;22;23;2764972
1304;1;2;3;7;8;10;11;13;14;17;18;19;20;21;25;2242604
1305;2;3;4;5;6;7;8;11;12;13;15;17;20;23;25;2788610
1306;1;2;5;6;7;9;12;13;14;15;18;19;20;22;23;2396995
1307;3;4;6;8;9;10;12;13;14;15;16;18;20;21;23;3162314
1308;3;5;6;7;8;9;11;14;16;17;19;20;22;23;25;3179964
1309;2;4;5;6;8;10;12;13;14;16;18;19;20;24;25;3007843
1310;1;2;3;4;5;7;8;10;11;15;17;18;19;21;23;2017893
1311;2;3;5;6;8;10;11;12;14;15;17;18;20;23;25;2929417
1312;1;2;4;5;6;7;9;11;13;18;19;20;23;24;25;2272871
1313;1;4;8;10;11;13;15;16;17;20;21;22;23;24;25;2738943
1314;3;5;8;9;10;11;14;15;16;18;19;21;22;24;25;3201174
1315;1;2;3;4;5;8;10;11;12;14;16;18;19;23;25;2041254
1316;1;2;3;4;5;6;11;12;15;17;19;20;23;24;25;2008621
1317;1;3;5;7;8;9;10;11;14;16;20;22;23;24;25;2618038
1318;1;2;3;4;6;7;8;9;12;13;14;15;17;20;23;2058395
1319;3;5;6;8;9;10;11;13;14;15;17;19;22;23;25;3189004
1320;2;3;4;5;9;11;12;13;15;16;17;21;22;23;25;2851907
1321;2;3;4;6;7;9;10;11;13;14;18;19;20;23;24;2866629
1322;1;2;6;7;8;9;11;13;15;16;17;18;21;24;25;2435568
1323;1;4;5;6;9;10;11;13;14;17;19;20;21;22;23;2690612
1324;1;4;5;6;7;8;10;11;13;17;18;19;21;24;25;2669968
1325;2;3;5;6;7;9;10;14;15;16;18;19;20;21;25;2918732
1326;1;3;4;6;8;9;10;17;18;19;20;21;22;24;25;2556709
1327;1;3;4;5;7;10;13;14;16;17;18;20;22;23;25;2520759
1328;2;5;6;8;9;10;13;15;16;17;21;22;23;24;25;3073755
1329;2;3;4;5;7;10;11;13;15;16;18;22;23;24;25;2839701
1330;4;5;7;10;12;13;16;17;18;19;20;22;23;24;25;3239134
1331;1;2;3;5;6;7;10;11;14;15;16;18;23;24;25;2149962
1332;1;4;5;6;8;11;12;13;14;15;16;18;20;21;24;2688669
1333;3;4;5;7;8;9;10;11;12;14;17;18;20;22;24;3130713
1334;3;4;6;7;9;10;11;13;15;16;17;18;19;21;22;3157619
1335;1;3;4;6;7;9;10;11;13;16;17;18;23;24;25;2547020
1336;6;8;9;10;11;12;13;14;15;17;18;19;20;22;24;3267325
1337;1;3;5;6;8;9;10;12;13;15;16;19;21;23;25;2606126
1338;1;2;3;4;6;7;10;11;12;13;14;15;16;17;19;2072941
1339;2;3;4;5;6;7;8;11;13;14;16;20;21;23;24;2789431
1340;1;2;4;5;7;9;10;12;13;14;16;17;18;19;22;2312229
1341;1;3;4;8;9;10;13;14;15;16;17;20;21;23;24;2580273
1342;1;2;3;5;9;10;11;12;13;15;20;21;23;24;25;2200808
1343;2;4;5;9;10;11;13;14;15;16;17;19;21;23;24;3031028
1344;2;4;6;7;8;10;11;12;13;17;18;21;23;24;25;3037778
1345;1;3;7;8;9;10;11;14;15;17;19;21;22;24;25;2654796
1346;2;3;5;7;8;10;11;14;15;18;19;20;21;23;25;2942447
1347;1;3;5;6;7;8;10;12;13;14;17;18;20;23;24;2593009
1348;1;2;6;7;8;9;10;14;15;18;20;21;22;24;25;2434465
1349;2;3;4;5;6;7;8;12;14;16;18;19;21;24;25;2790661
1350;1;5;6;8;9;11;12;13;14;16;18;19;20;21;23;2754227
1351;2;4;6;7;10;11;13;17;19;20;21;22;23;24;25;3043995
1352;6;8;10;11;12;13;14;15;16;19;20;21;23;24;25;3267747
1353;3;5;7;8;9;10;11;12;14;18;21;22;23;24;25;3194971
1354;1;2;3;5;7;9;11;12;13;14;15;18;20;21;24;2187521
1355;1;2;3;4;6;7;8;11;15;16;18;20;21;22;24;2065144
1356;3;4;6;8;9;10;11;12;13;14;15;16;17;19;20;3160987
1357;3;7;8;9;10;11;12;13;15;17;18;20;21;22;23;3211713
1358;1;2;3;4;6;8;9;13;15;17;18;19;20;22;23;2084154
1359;3;5;7;8;9;11;13;14;15;16;17;18;20;21;23;3196809
1360;1;2;3;4;5;6;8;10;11;12;14;18;20;23;24;1992522
1361;1;4;5;11;12;13;14;15;16;17;18;19;20;23;25;2712469
1362;1;3;4;6;9;10;11;12;13;16;21;22;23;24;25;2562148
1363;5;7;9;10;12;13;14;15;16;17;19;20;21;22;23;3263946
1364;1;6;9;10;11;12;13;15;16;17;18;20;22;24;25;2774960
1365;2;3;6;9;10;12;14;15;19;20;21;22;23;24;25;2972464
1366;4;8;9;10;11;12;13;14;15;16;17;21;22;24;25;3252611
1367;2;3;4;5;6;7;9;14;15;16;17;18;20;23;24;2797602
1368;5;7;8;10;11;12;14;16;18;19;20;22;23;24;25;3263398
1369;3;4;5;9;10;11;12;13;14;16;17;18;21;22;24;3146928
1370;2;4;5;7;8;11;13;14;17;18;20;21;22;24;25;3021380
1371;3;4;5;7;13;15;17;18;19;20;21;22;23;24;25;3142415
1372;1;2;3;5;7;9;10;13;15;16;17;18;21;23;25;2187151
1373;1;2;3;4;5;6;7;8;12;17;18;20;21;23;24;1971889
1374;2;3;4;5;6;9;10;14;15;16;19;20;21;23;25;2817087
1375;1;5;6;9;10;11;14;15;16;18;20;22;23;24;25;2757117
1376;1;3;4;5;6;12;13;14;15;16;18;19;20;22;24;2502188
1377;1;5;6;8;9;10;12;13;15;17;19;20;21;22;25;2753632
1378;1;2;3;6;8;10;12;13;17;19;20;21;23;24;25;2230867
1379;1;2;4;5;7;8;9;10;12;14;15;17;18;21;22;2301188
1380;3;4;5;6;8;11;12;14;15;16;17;21;22;24;25;3125036
1381;1;4;6;8;9;10;12;13;14;16;17;18;19;21;25;2726350
1382;1;6;10;12;13;14;15;16;17;18;19;20;21;22;24;2775361
1383;2;6;7;8;9;13;14;15;16;17;20;21;22;24;25;3089546
1384;3;4;6;8;9;11;12;13;15;18;19;20;22;24;25;3163273
1385;4;5;8;9;10;11;12;13;14;15;17;18;19;20;23;3239321
1386;1;2;3;4;7;9;13;16;17;18;19;21;22;24;25;2113778
1387;1;3;4;5;6;7;9;11;12;13;14;15;16;18;24;2474991
1388;1;3;5;7;8;10;11;12;15;18;19;20;21;23;25;2622227
1389;1;2;4;5;6;8;10;12;14;15;16;17;18;20;21;2288115
1390;3;5;6;7;8;11;13;14;15;16;17;18;20;21;23;3183250
1391;1;3;5;6;10;11;12;15;16;17;19;20;21;24;25;2615573
1392;1;2;3;4;8;9;14;15;16;17;18;20;21;22;25;2121802
1393;3;4;5;7;9;10;11;12;13;14;17;18;20;22;23;3138258
1394;3;4;5;6;9;10;11;14;15;16;18;19;21;22;23;3126836
1395;5;6;7;8;11;12;13;14;16;17;18;19;22;23;25;3257354
1396;3;5;6;7;10;12;13;17;18;19;20;22;23;24;25;3187627
1397;1;3;4;5;6;8;9;11;12;13;14;18;21;22;25;2486611
1398;1;4;5;6;7;8;11;14;15;16;19;20;21;24;25;2672779
1399;4;5;6;8;9;12;13;14;15;17;19;21;22;24;25;3229665
1400;1;2;3;5;6;9;10;12;16;19;21;22;23;24;25;2167466
1401;1;3;4;5;6;7;8;14;15;18;19;21;22;24;25;2471463
1402;2;3;4;5;8;9;11;12;14;15;16;19;20;21;23;2845174
1403;3;4;5;8;9;10;11;12;13;15;16;17;21;23;25;3142702
1404;1;2;3;4;8;10;11;13;15;16;18;19;21;22;25;2122890
1405;2;3;4;7;9;10;11;14;15;16;18;19;20;23;24;2895023
1406;2;3;4;5;6;9;11;13;15;19;20;21;22;24;25;2818285
1407;1;2;4;5;6;7;10;12;13;20;21;22;23;24;25;2276669
1408;1;3;5;8;10;11;12;13;14;19;21;22;23;24;25;2632059
1409;1;2;4;6;7;8;11;12;14;16;17;19;22;24;25;2340824
1410;2;3;4;5;6;7;9;10;14;15;16;17;20;21;23;2794445
1411;1;5;6;7;8;9;10;12;13;14;15;16;17;21;23;2741419
1412;5;6;7;9;11;13;15;16;18;19;21;22;23;24;25;3258898
1413;2;3;4;5;6;7;8;9;10;13;16;17;18;21;25;2780873
1414;2;3;4;5;7;9;10;11;13;14;16;17;20;21;23;2834721
1415;2;4;5;6;10;12;13;15;17;18;19;22;23;24;25;3013263
1416;3;4;5;7;8;9;10;12;14;15;17;18;19;20;24;3132292
1417;1;2;3;4;6;7;9;11;13;14;15;18;19;22;23;2070959
1418;2;4;6;9;10;11;13;14;15;17;18;20;21;22;23;3049630
1419;2;3;6;7;11;12;15;16;17;18;19;20;21;23;24;2967029
1420;1;4;6;7;8;10;13;14;15;16;17;20;22;23;25;2719375
1421;3;5;6;7;8;9;11;12;14;17;18;19;20;23;24;3179389
1422;1;4;5;7;10;11;13;14;15;16;17;19;22;23;24;2705526
1423;1;2;4;5;7;8;11;12;13;14;15;16;19;22;23;2308426
1424;2;4;5;6;8;9;10;11;13;17;18;20;21;23;25;3002755
1425;1;3;4;5;8;9;11;12;13;14;16;19;20;21;25;2525069
1426;2;3;4;7;8;10;12;14;15;16;18;22;23;24;25;2892524
1427;1;2;7;10;11;12;14;15;16;17;18;19;20;22;25;2456011
1428;2;3;4;5;6;8;9;13;17;18;19;20;21;22;25;2809020
1429;5;7;8;9;10;12;13;14;15;16;18;19;20;21;25;3262577
1430;1;3;4;5;7;8;9;13;15;16;20;21;22;23;25;2508640
1431;1;2;7;8;9;10;12;14;15;16;17;19;20;23;25;2451751
1432;1;3;4;5;10;11;12;16;17;18;20;21;23;24;25;2533385
1433;3;6;7;9;10;12;14;15;16;18;20;22;23;24;25;3208143
1434;3;4;5;6;7;9;10;12;13;15;18;19;22;23;24;3111739
1435;1;2;3;4;5;6;9;10;12;16;17;19;20;21;23;2001014
1436;1;2;3;5;6;8;11;12;15;17;18;19;22;23;24;2163702
1437;2;4;5;6;7;8;9;11;13;14;17;19;20;23;25;2986514
1438;1;4;7;8;9;10;11;12;14;15;17;20;21;22;24;2731682
1439;1;2;3;5;11;12;13;14;15;16;17;18;19;22;24;2204443
1440;2;3;8;10;12;13;14;16;17;18;20;21;22;24;25;2981249
1441;1;3;4;5;6;7;9;10;11;13;16;19;22;23;25;2472739
1442;1;2;3;4;7;9;11;12;13;15;16;17;19;20;21;2112103
1443;1;2;3;5;7;8;9;10;11;12;14;15;16;17;24;2173311
1444;1;2;4;5;6;9;10;11;14;15;17;18;20;21;24;2292405
1445;1;4;5;6;8;10;13;15;16;17;18;20;22;23;25;2688535
1446;1;4;6;7;8;12;13;16;17;20;21;22;23;24;25;2720439
1447;1;3;4;5;8;11;12;13;17;18;19;21;22;24;25;2529216
1448;1;3;4;5;6;8;12;13;16;18;19;21;22;23;24;2494031
1449;1;3;4;5;6;7;8;9;11;15;16;20;22;23;24;2463254
1450;1;2;4;5;8;9;10;13;14;16;17;19;20;22;24;2321051
1451;1;2;3;5;10;12;13;14;15;19;20;21;23;24;25;2204232
1452;2;5;7;8;10;11;13;14;15;17;20;21;23;24;25;3081595
1453;1;2;5;8;9;10;13;14;15;16;19;21;23;24;25;2427193
1454;1;3;4;7;10;12;13;14;18;19;20;21;22;23;25;2577928
1455;2;5;7;8;14;15;16;17;18;19;20;21;22;23;25;3082388
1456;1;2;6;7;8;9;12;13;14;15;19;20;21;24;25;2435957
1457;1;2;3;4;7;8;9;10;11;13;14;15;18;23;24;2098248
1458;1;2;3;5;7;9;11;14;17;18;19;20;22;23;24;2188655
1459;1;4;6;9;10;12;13;14;16;17;18;19;20;24;25;2730103
1460;1;3;5;7;11;14;15;16;17;18;19;20;21;24;25;2628760
1461;2;4;5;6;9;10;11;15;17;18;19;21;23;24;25;3010667
1462;1;3;4;5;7;9;12;13;14;16;17;20;21;24;25;2518323
1463;3;4;6;7;10;11;13;14;15;17;19;20;22;23;24;3160185
1464;1;4;9;10;11;12;13;14;15;16;17;18;22;23;24;2739146
1465;2;5;7;8;9;10;12;14;16;19;20;21;22;23;24;3079749
1466;2;3;4;6;10;11;12;14;19;20;21;22;23;24;25;2884937
1467;1;4;5;6;9;10;11;12;19;20;21;22;23;24;25;2690414
1468;2;3;5;6;8;11;12;13;14;18;19;20;21;23;24;2931077
1469;1;2;3;5;6;7;8;9;11;13;16;17;18;19;20;2133348
1470;2;3;7;8;11;12;13;14;15;18;20;21;22;23;24;2977455
1471;1;2;4;6;7;8;10;11;13;15;18;20;21;22;24;2338496
1472;2;3;4;5;7;8;10;12;13;14;18;21;22;23;24;2830601
1473;1;4;5;7;8;9;10;12;14;16;20;22;23;24;25;2696350
1474;1;2;5;7;8;10;11;13;14;15;18;19;20;21;25;2418885
1475;1;2;3;5;6;9;10;12;13;15;18;20;21;24;25;2167052
1476;2;4;5;6;7;9;10;12;13;14;16;19;21;22;25;2995281
1477;1;2;3;4;5;6;7;10;12;15;17;18;21;22;23;1981648
1478;2;5;6;7;10;11;12;15;16;17;18;19;21;24;25;3070926
1479;2;3;5;6;9;11;13;14;15;16;17;18;20;22;23;2934383
1480;1;6;7;10;11;12;13;15;16;17;19;20;21;22;25;2772688
1481;2;3;5;7;8;9;11;17;18;19;20;21;23;24;25;2940530
1482;1;2;4;5;7;8;9;10;11;12;14;15;19;23;24;2299348
1483;3;4;5;6;7;9;11;13;14;15;17;20;21;22;23;3113552
1484;1;2;3;4;6;7;9;10;12;17;18;19;21;22;25;2069124
1485;1;2;3;5;8;9;11;13;15;17;18;19;23;24;25;2196493
1486;2;4;5;8;9;10;12;14;18;19;20;21;22;23;25;3027873
1487;1;2;3;4;5;6;10;11;12;15;16;19;21;22;25;2005648
1488;1;4;5;6;10;11;12;13;16;19;20;21;23;24;25;2692947
1489;2;4;7;8;9;10;12;13;14;15;19;20;22;23;25;3052299
1490;1;3;4;5;7;8;9;11;13;14;15;18;19;20;22;2506883
1491;2;4;5;6;7;9;11;13;14;19;20;22;23;24;25;2997381
1492;2;3;4;5;7;8;10;12;15;16;17;18;19;24;25;2831037
1493;2;5;8;10;11;13;14;15;16;19;20;21;23;24;25;3085821
1494;1;2;3;4;9;10;11;12;13;15;17;19;20;22;25;2125195
1495;1;2;3;4;5;8;10;12;13;14;18;22;23;24;25;2042583
1496;2;3;6;7;9;10;11;12;13;15;17;19;20;23;25;2963160
1497;1;2;5;7;11;12;13;14;15;16;17;18;19;22;23;2425000
1498;4;5;7;8;10;11;14;15;16;17;18;21;23;24;25;3236738
1499;1;2;3;4;5;7;8;12;13;14;15;18;19;23;24;2021560
1500;1;2;3;5;7;10;11;12;13;15;17;18;19;20;22;2189743
1501;1;6;7;8;9;10;11;13;16;17;18;21;22;24;25;2767919
1502;1;2;3;4;5;7;11;12;13;15;17;18;20;22;24;2032521
1503;1;2;3;7;12;15;16;17;18;20;21;22;23;24;25;2248986
1504;1;4;5;7;8;11;12;14;17;18;19;21;23;24;25;2701444
1505;1;2;3;6;7;11;14;16;17;18;19;20;22;24;25;2223945
1506;3;4;5;8;9;10;13;14;17;18;19;20;21;22;24;3144312
1507;1;2;3;4;5;8;10;11;13;14;17;19;21;23;24;2041770
1508;1;3;7;8;9;10;11;12;14;17;19;21;22;23;24;2654262
1509;1;2;3;6;7;8;9;13;14;15;17;18;19;22;24;2210817
1510;1;3;4;7;8;9;10;11;12;13;15;18;19;22;24;2566392
1511;2;4;5;8;9;10;11;12;13;15;19;20;21;23;24;3026511
1512;2;3;4;6;10;11;12;13;15;16;17;19;21;22;24;2884725
1513;3;4;6;7;9;10;11;12;13;14;16;18;21;22;24;3156791
1514;3;4;5;7;8;11;12;13;15;16;17;19;20;21;24;3137280
1515;1;2;3;5;8;9;11;12;13;16;17;18;19;20;23;2195806
1516;1;2;6;7;10;11;12;14;16;18;19;20;22;23;24;2442994
1517;2;3;5;8;10;11;12;14;15;18;20;21;23;24;25;2952032
1518;2;3;4;5;7;8;11;12;14;16;17;20;22;24;25;2832264
1519;1;4;6;8;13;14;16;17;18;20;21;22;23;24;25;2729296
1520;1;2;4;8;9;10;12;13;14;16;17;18;19;24;25;2376391
1521;1;2;3;4;5;7;8;12;14;15;17;19;20;23;24;2022017
1522;1;8;9;10;11;13;14;15;16;18;19;20;21;23;24;2778010
1523;3;5;6;7;9;10;12;13;14;16;18;19;21;23;25;3185201
1524;1;3;5;6;7;8;9;10;13;14;20;22;23;24;25;2587538
1525;1;2;4;5;8;10;12;14;15;18;19;20;21;22;25;2325093
1526;5;7;8;9;10;11;13;15;17;18;20;21;22;23;25;3262473
1527;1;2;3;5;6;7;9;10;14;15;20;21;22;24;25;2145314
1528;1;2;4;5;6;8;9;10;17;18;20;21;23;24;25;2282926
1529;2;3;4;5;8;11;13;14;16;17;18;19;20;21;24;2849241
1530;2;4;5;7;9;10;12;14;15;16;18;20;22;23;24;3023434
1531;1;2;3;4;7;8;10;11;13;14;15;19;22;23;24;2104872
1532;1;2;3;8;9;10;11;12;13;14;17;18;20;22;25;2249209
1533;1;3;4;6;7;11;12;13;14;15;16;19;20;21;24;2552763
1534;1;4;5;8;9;10;11;12;13;14;16;17;19;21;24;2706514
1535;3;4;5;7;8;12;13;15;17;18;21;22;23;24;25;3137916
1536;1;3;5;6;7;8;9;10;11;12;13;19;20;23;25;2584967
1537;1;2;3;4;10;11;13;14;15;17;18;20;21;22;24;2128414
1538;2;4;5;7;8;9;10;13;14;15;17;18;19;21;23;3016344
1539;1;3;4;8;11;12;13;14;16;17;18;19;20;21;25;2582549
1540;1;2;3;7;9;10;11;12;14;15;16;17;19;22;23;2245115
1541;2;3;4;5;7;11;13;14;15;18;19;20;21;22;25;2841225
1542;2;3;5;7;8;10;11;13;15;16;17;20;21;22;24;2942279
1543;1;2;6;7;8;9;12;13;15;17;19;20;23;24;25;2436119
1544;1;2;4;7;8;9;11;12;14;16;17;21;22;23;24;2366218
1545;3;5;7;8;10;11;12;15;16;17;20;22;23;24;25;3197774
1546;1;3;6;7;8;10;11;14;15;18;19;20;22;24;25;2641242
1547;1;2;5;6;8;9;10;11;13;15;17;18;19;21;25;2401857
1548;2;3;4;9;10;11;12;14;15;17;18;20;21;22;23;2902993
1549;1;2;3;4;5;7;8;10;11;13;18;20;23;24;25;2017558
1550;3;4;5;7;8;13;14;15;16;17;20;22;23;24;25;3138003
1551;1;3;5;7;8;11;13;14;15;17;19;20;22;23;25;2624047
1552;2;3;7;8;9;12;14;15;16;19;20;21;22;24;25;2976278
1553;1;2;4;8;9;11;12;13;15;17;18;19;21;22;25;2377244
1554;1;3;4;5;7;8;9;10;13;14;16;18;19;24;25;2505245
1555;1;2;6;8;9;10;12;13;14;16;18;20;22;23;25;2445382
1556;1;2;3;5;6;8;12;15;16;17;19;21;22;23;25;2164721
1557;2;3;4;5;6;9;12;16;17;18;20;21;22;24;25;2818978
1558;1;2;4;5;6;9;11;14;15;16;17;18;21;22;25;2295079
1559;3;4;5;6;7;9;10;11;14;16;18;19;20;23;25;3111209
1560;1;2;3;4;5;7;8;9;11;14;17;18;20;24;25;2014345
1561;3;5;6;7;8;12;13;15;16;18;20;21;22;24;25;3183605
1562;1;2;3;4;5;6;7;8;9;11;12;14;16;17;18;1963460
1563;1;2;3;5;6;9;10;12;13;17;18;20;21;22;23;2167127
1564;3;4;6;8;9;11;12;13;16;17;18;19;20;21;24;3163279
1565;1;3;6;7;8;9;10;11;12;13;15;17;18;24;25;2635315
1566;1;2;4;5;7;8;9;13;14;15;16;19;23;24;25;2304949
1567;2;3;5;7;9;10;11;12;14;15;17;18;19;21;24;2944787
1568;1;2;3;4;6;7;10;11;13;16;17;19;21;22;24;2074269
1569;2;4;8;9;10;12;13;14;16;18;20;21;23;24;25;3057902
1570;1;3;7;8;9;11;13;16;18;19;20;21;23;24;25;2656259
1571;1;3;4;5;6;7;11;12;14;17;18;19;23;24;25;2481638
1572;2;4;5;6;8;9;10;13;16;18;19;21;22;23;24;3004212
1573;2;6;7;8;10;11;12;13;14;15;16;17;18;19;23;3089595
1574;1;2;3;5;6;7;10;11;12;14;15;17;18;21;22;2149049
1575;1;3;5;6;7;9;10;11;12;14;16;17;22;23;25;2596709
1576;1;2;5;7;8;9;11;12;14;15;16;18;20;21;25;2416493
1577;3;5;6;7;9;10;11;13;15;16;17;18;19;21;24;3184753
1578;4;6;8;9;10;12;13;14;16;17;18;19;21;22;24;3248623
1579;1;2;4;6;7;10;12;13;14;15;16;18;21;22;23;2348552
1580;3;4;7;10;11;12;13;14;15;16;18;20;22;23;25;3172950
1581;3;4;5;6;7;8;11;12;13;16;20;21;23;24;25;3108088
1582;1;2;5;7;8;10;11;14;16;17;18;19;23;24;25;2419201
1583;2;3;4;6;7;9;10;14;15;16;17;19;20;23;25;2868332
1584;1;2;3;5;6;11;12;14;15;16;17;19;20;24;25;2172329
1585;1;2;4;5;6;7;9;11;17;18;19;21;23;24;25;2273201
1586;1;3;4;10;11;12;13;16;18;19;20;22;23;24;25;2584355
1587;2;3;5;7;8;11;14;15;16;17;19;20;21;22;25;2943924
1588;1;3;4;5;7;9;10;11;14;15;17;20;21;22;23;2515361
1589;1;2;3;4;6;12;13;14;15;17;18;22;23;24;25;2097177
1590;1;3;5;7;8;10;14;16;17;18;20;21;22;23;25;2623464
1591;1;3;5;7;8;10;11;12;17;19;20;21;22;23;24;2622266
1592;1;2;3;4;5;6;9;12;14;15;16;19;20;22;25;2004106
1593;3;4;5;7;8;9;10;11;13;14;16;17;20;22;24;3131120
1594;1;2;4;6;8;10;11;12;13;15;16;17;19;21;25;2355495
1595;1;2;3;4;6;7;9;10;11;13;17;18;20;22;25;2067717
1596;5;8;9;10;11;12;13;15;18;19;20;21;22;23;24;3264360
1597;1;2;5;6;7;8;9;13;17;18;19;20;21;22;24;2387420
1598;2;5;6;7;10;12;13;15;16;17;18;19;20;21;24;3071305
1599;1;3;4;5;6;8;9;10;14;18;20;21;22;23;25;2486297
1600;2;3;4;5;7;9;13;14;16;17;18;20;22;23;24;2838527
1601;2;4;6;8;9;10;11;12;13;14;15;18;20;22;25;3044806
1602;1;3;4;8;9;10;11;13;14;15;17;19;21;23;24;2579349
1603;1;2;3;4;7;9;10;13;14;16;19;20;21;23;24;2111519
1604;3;4;5;6;7;8;9;10;12;13;15;19;21;22;24;3100261
1605;2;4;5;8;9;10;11;14;16;17;18;19;21;23;25;3027351
1606;1;3;5;7;8;9;10;11;14;15;19;20;22;23;25;2617980
1607;1;2;3;6;7;8;9;11;12;13;14;15;17;18;24;2208264
1608;1;2;3;5;6;9;10;14;17;18;20;21;22;23;25;2167922
1609;5;6;7;8;9;11;13;14;17;18;20;21;23;24;25;3255871
1610;3;6;7;9;10;11;13;14;16;17;19;20;21;22;24;3207832
1611;1;3;4;6;7;8;9;10;11;12;14;15;20;22;24;2534667
1612;2;3;4;5;7;11;12;14;15;18;21;22;23;24;25;2841064
1613;1;2;3;4;6;8;9;10;13;14;16;17;18;19;21;2080712
1614;1;2;3;7;9;10;12;13;14;15;16;17;19;21;23;2245938
1615;1;2;4;5;6;7;9;10;11;16;17;19;20;21;25;2269711
1616;1;2;4;5;8;10;11;13;14;16;17;18;22;23;24;2324335
1617;2;5;6;7;8;9;10;12;13;14;15;20;22;23;25;3061297
1618;1;3;4;5;8;9;10;13;14;16;17;19;20;24;25;2524542
1619;4;5;7;8;10;11;13;15;16;17;18;21;22;24;25;3236693
1620;1;2;4;7;9;10;11;12;13;14;18;20;21;24;25;2370844
1621;2;3;4;6;8;9;10;13;14;18;19;21;22;23;24;2876192
1622;1;2;3;4;8;9;11;16;17;18;20;22;23;24;25;2121127
1623;1;2;3;4;6;7;8;10;11;13;14;17;19;20;24;2061020
1624;1;2;6;7;8;9;11;14;15;16;17;18;20;23;24;2435685
1625;2;3;6;8;10;12;13;16;17;18;19;20;21;22;24;2971056
1626;1;3;4;7;8;9;10;11;13;15;16;17;20;21;24;2567286
1627;2;3;4;6;8;9;11;12;13;14;15;17;20;21;24;2876563
1628;1;3;6;9;11;12;16;17;18;19;20;22;23;24;25;2652999
1629;1;2;3;5;6;7;9;10;12;14;15;18;22;24;25;2144375
1630;3;5;7;8;9;10;12;13;14;15;17;20;22;23;25;3195691
1631;2;3;4;5;9;10;11;12;14;18;19;20;22;23;25;2850329
1632;4;5;8;12;13;14;15;16;18;20;21;22;23;24;25;3241063
1633;1;2;3;5;6;7;9;10;17;18;19;20;23;24;25;2145514
1634;3;4;5;6;7;9;10;13;14;15;19;21;22;24;25;3112289
1635;1;3;6;7;8;12;15;16;17;19;21;22;23;24;25;2642973
1636;2;3;6;7;8;9;12;13;14;15;18;19;20;22;25;2959204
1637;3;4;5;7;8;11;12;13;14;15;17;18;19;22;24;3137126
1638;1;7;8;10;11;12;14;15;16;19;20;22;23;24;25;2776944
1639;1;3;5;6;7;8;9;10;11;14;15;19;20;22;25;2586016
1640;1;2;4;5;6;12;14;15;16;17;20;21;22;24;25;2298844
1641;3;4;5;8;9;11;12;14;16;17;19;20;21;22;25;3144849
1642;2;5;6;7;10;11;13;15;17;18;19;20;22;24;25;3071114
1643;1;2;3;4;5;7;9;10;12;14;16;19;22;23;25;2025115
1644;2;3;4;5;6;7;8;9;11;13;15;18;22;23;24;2782562
1645;2;3;4;5;8;9;10;14;15;16;18;20;21;23;25;2844538
1646;1;3;4;5;6;7;9;12;13;15;17;18;20;22;25;2477031
1647;1;2;4;7;8;9;10;12;14;15;19;20;22;24;25;2364894
1648;4;9;10;11;12;13;15;16;17;19;21;22;23;24;25;3253188
1649;4;5;8;9;12;13;14;15;16;17;18;20;22;23;24;3240549
1650;3;4;5;8;10;13;14;15;16;17;18;19;20;22;25;3146359
1651;1;2;3;4;6;7;8;10;16;17;18;19;20;22;24;2063470
1652;2;3;4;5;6;7;10;11;14;16;17;18;21;24;25;2799282
1653;2;4;5;6;7;12;14;15;17;20;21;22;23;24;25;3001298
1654;1;2;3;4;6;10;11;13;16;18;19;20;22;23;25;2095500
1655;1;2;3;5;6;7;10;12;14;16;18;19;20;22;23;2150864
1656;2;3;4;5;7;10;11;12;13;15;17;19;20;23;24;2838997
1657;3;4;6;8;9;10;12;15;17;18;19;20;21;23;24;3162748
1658;2;4;5;6;7;8;12;13;15;16;17;18;19;20;23;2992874
1659;2;4;7;8;9;10;12;14;15;16;20;21;22;23;25;3052561
1660;1;2;3;7;8;10;11;13;14;17;18;20;21;24;25;2242614
1661;2;3;5;6;7;10;11;12;13;14;17;18;21;22;23;2921074
1662;1;2;3;5;8;10;11;13;14;17;18;20;21;22;25;2198413
1663;1;2;3;5;6;7;9;11;12;13;16;17;21;22;23;2145886
1664;2;4;5;6;7;8;11;13;15;16;17;18;20;24;25;2992392
1665;1;2;4;5;8;10;12;13;15;17;18;21;22;23;24;2324965
1666;1;2;5;6;8;9;10;12;13;14;17;20;21;24;25;2402549
1667;1;2;3;4;8;10;11;13;16;18;20;22;23;24;25;2122958
1668;4;5;6;8;11;12;14;16;17;18;20;21;23;24;25;3231083
1669;1;2;3;5;6;7;8;9;12;16;17;20;21;23;25;2134808
1670;1;2;3;4;7;11;13;14;16;17;20;21;22;23;25;2116439
1671;1;3;4;5;8;9;10;12;14;15;18;19;21;22;25;2524173
1672;2;3;5;6;8;9;11;17;18;20;21;22;23;24;25;2928154
1673;1;2;4;5;7;9;11;12;15;17;19;20;23;24;25;2314134
1674;1;2;4;5;9;10;11;12;15;19;20;21;22;23;24;2327156
1675;1;2;3;5;7;8;9;12;14;19;20;21;22;23;25;2178794
1676;3;4;8;9;10;12;13;14;15;16;18;20;23;24;25;3174120
1677;1;4;5;6;9;11;12;14;15;16;17;18;19;20;22;2691956
1678;1;3;4;5;6;8;9;14;16;18;19;20;22;23;24;2489365
1679;5;7;8;9;10;11;12;14;15;16;17;19;20;21;23;3262176
1680;1;2;3;7;8;10;11;12;13;14;18;20;21;23;25;2241871
1681;1;2;3;7;8;10;11;12;15;16;17;20;22;23;25;2242333
1682;1;4;5;6;7;9;12;13;15;17;18;19;20;21;25;2678165
1683;1;2;3;5;9;10;11;13;15;16;17;18;23;24;25;2201452
1684;2;4;7;9;10;12;13;14;15;16;17;22;23;24;25;3056006
1685;1;2;3;5;6;7;11;12;14;16;17;19;21;22;24;2152140
1686;2;4;5;6;9;10;13;15;17;18;19;20;22;23;24;3011326
1687;1;2;3;4;6;7;9;10;14;16;17;18;19;20;24;2069736
1688;1;3;4;5;6;7;8;10;13;15;19;21;22;24;25;2468128
1689;1;2;6;7;9;10;11;13;14;16;17;18;19;22;23;2440478
1690;1;2;4;5;7;8;10;13;15;16;19;20;22;23;25;2308151
1691;1;2;3;4;5;7;8;10;11;12;13;15;16;18;19;2016439
1692;3;5;6;7;10;12;14;15;17;18;20;22;23;24;25;3187661
1693;1;3;4;6;7;8;11;14;16;17;19;20;21;22;23;2544918
1694;1;2;3;4;5;9;11;12;13;17;18;19;20;23;24;2049069
1695;1;4;5;9;11;13;14;17;18;20;21;22;23;24;25;2712000
1696;2;4;5;7;8;10;12;13;14;16;17;18;19;23;24;3020188
1697;3;4;6;7;10;13;17;18;19;20;21;22;23;24;25;3160605
1698;2;3;4;5;8;9;13;14;16;18;19;20;21;22;25;2846544
1699;4;5;6;8;9;10;13;14;15;16;19;21;23;24;25;3228709
1700;1;2;3;6;7;8;12;13;14;16;20;21;22;23;24;2215705
1701;1;2;3;5;6;7;8;10;13;16;17;18;20;21;22;2138680
1702;3;4;5;7;8;10;11;14;15;16;17;18;19;22;25;3136176
1703;1;3;6;8;9;10;12;13;14;15;16;17;18;19;22;2648700
1704;2;4;6;7;9;10;11;12;13;14;16;18;19;20;22;3040495
1705;2;3;4;5;9;12;14;16;17;18;19;20;21;23;24;2852581
1706;2;3;4;5;7;8;9;12;13;14;15;17;18;20;21;2827414
1707;2;5;9;10;11;12;13;16;17;18;19;21;22;23;25;3086189
1708;1;2;3;4;6;7;8;9;10;12;13;14;17;18;22;2054989
1709;1;3;4;5;11;12;13;15;18;19;20;21;22;23;24;2534050
1710;2;4;5;6;7;9;10;11;12;17;20;21;22;24;25;2994293
1711;1;2;3;4;5;8;10;11;13;14;18;19;20;21;23;2041778
1712;1;3;5;6;7;10;13;14;15;16;17;18;23;24;25;2602893
1713;1;4;8;9;10;12;13;15;16;17;19;20;21;23;24;2738159
1714;1;3;5;6;7;8;10;14;15;18;19;21;22;23;24;2594001
1715;1;2;4;6;8;11;13;16;17;18;19;21;22;24;25;2357879
1716;1;3;4;5;7;10;11;12;13;16;17;22;23;24;25;2519292
1717;1;3;4;5;7;8;9;10;11;14;15;21;22;23;24;2503814
1718;2;3;5;6;7;8;10;11;12;17;18;20;21;22;24;2911759
1719;2;3;4;6;10;11;13;15;17;18;20;21;23;24;25;2885136
1720;2;3;4;9;10;11;13;15;17;18;20;22;23;24;25;2903245
1721;1;3;4;5;6;8;11;13;14;15;16;19;21;24;25;2493280
1722;2;4;5;7;8;11;12;14;15;17;19;21;22;23;25;3021173
1723;1;2;4;6;7;10;11;12;13;14;17;18;19;21;22;2347414
1724;5;6;7;9;10;11;12;13;15;16;18;20;21;22;23;3257880
1725;1;5;6;8;12;13;14;15;18;19;21;22;23;24;25;2756388
1726;1;3;5;6;8;10;11;12;14;15;17;19;20;22;25;2609656
1727;1;2;5;6;7;9;10;13;14;15;16;20;21;22;24;2395171
1728;2;3;5;6;7;8;9;10;11;12;14;15;17;21;22;2904790
1729;1;2;4;6;8;9;10;11;12;14;16;18;21;24;25;2350858
1730;1;7;8;10;12;13;14;15;16;18;19;22;23;24;25;2777063
1731;1;3;5;7;8;9;10;13;14;17;19;20;22;24;25;2619179
1732;1;3;5;9;10;12;13;14;17;18;19;20;21;22;24;2634043
1733;1;2;4;5;8;9;12;13;14;15;16;19;21;23;25;2322746
1734;1;2;3;6;7;8;10;11;15;16;17;21;22;24;25;2212864
1735;1;2;3;6;10;12;13;14;15;19;20;21;23;24;25;2236056
1736;3;6;7;9;11;12;13;15;16;18;19;22;23;24;25;3208383
1737;2;4;5;6;10;11;12;15;16;18;19;20;22;24;25;3012870
1738;1;3;6;9;10;13;14;17;18;19;20;21;22;23;24;2652758
1739;2;3;4;5;6;7;8;11;12;14;16;19;20;22;24;2788961
1740;1;2;3;4;5;6;8;9;10;11;16;18;19;22;24;1986771
1741;1;5;8;11;12;15;16;17;18;19;20;21;22;23;25;2766233
1742;1;4;6;8;9;10;12;14;15;16;17;18;20;21;25;2726560
1743;5;6;7;8;10;11;13;15;17;18;19;21;22;24;25;3256907
1744;1;5;6;10;11;12;13;15;17;18;19;20;21;23;24;2757946
1745;2;3;4;6;7;8;9;10;11;16;18;20;21;24;25;2855708
1746;3;4;6;7;8;9;10;11;12;15;16;19;22;23;25;3149383
1747;1;4;5;6;7;8;10;13;15;16;17;19;20;21;25;2671342
1748;1;3;5;6;7;9;10;11;12;17;18;19;21;22;25;2596990
1749;2;4;6;9;12;13;15;16;19;20;21;22;23;24;25;3050408
1750;1;4;6;7;10;12;13;16;17;18;19;20;22;23;24;2724440
1751;1;3;4;6;7;9;10;12;13;15;18;19;22;24;25;2547781
1752;1;3;4;6;7;8;9;12;13;15;16;17;18;20;22;2539665
1753;1;2;3;5;6;8;9;12;13;15;17;21;22;24;25;2159031
1754;1;2;3;4;5;10;12;13;14;15;17;20;21;24;25;2052021
1755;1;2;3;8;9;11;13;16;18;19;20;21;22;23;25;2251659
1756;1;2;5;6;7;8;12;13;16;17;19;21;22;23;24;2392195
1757;1;3;4;7;10;13;14;15;17;18;20;21;22;23;25;2578062
1758;1;2;4;7;8;9;10;12;13;14;17;19;20;22;23;2364528
1759;1;2;3;4;5;6;8;10;14;15;16;18;19;22;23;1995146
1760;1;3;4;5;6;7;12;14;15;16;18;20;23;24;25;2482650
1761;1;2;3;5;6;9;10;11;13;17;18;19;20;21;25;2166327
1762;1;2;5;6;7;8;12;15;16;17;20;21;22;23;25;2392352
1763;1;2;3;4;5;8;9;10;11;13;14;15;16;21;24;2035003
1764;1;2;4;6;7;10;12;14;15;16;17;19;20;23;25;2348856
1765;1;2;3;4;5;8;9;11;13;14;17;18;21;22;25;2038756
1766;1;3;7;8;9;10;11;12;13;14;15;16;20;21;23;2653646
1767;2;4;5;6;7;9;10;11;15;16;19;20;23;24;25;2995026
1768;1;2;4;6;10;12;14;17;18;19;20;22;23;24;25;2362152
1769;1;3;5;7;8;10;12;13;14;16;17;18;20;23;25;2622904
1770;2;4;5;7;11;12;14;15;18;19;20;21;22;23;25;3025973
1771;2;6;7;10;11;13;15;16;17;18;19;21;23;24;25;3092591
1772;1;3;4;5;7;9;10;13;14;16;19;20;21;24;25;2516561
1773;1;2;5;8;9;10;13;15;16;17;18;19;21;24;25;2427267
1774;3;7;9;10;12;13;14;15;17;19;20;22;23;24;25;3213577
1775;3;6;7;8;9;11;12;14;15;16;17;18;19;20;23;3205203
1776;2;3;4;6;7;11;12;13;17;18;19;22;23;24;25;2872802
1777;2;4;6;8;10;12;14;15;16;18;19;20;21;24;25;3048607
1778;1;3;5;6;8;9;10;11;13;16;18;19;21;23;24;2605440
1779;2;3;4;6;8;9;15;18;19;20;21;22;23;24;25;2878480
1780;3;4;5;6;8;9;10;11;13;14;15;16;17;22;25;3118608
1781;1;4;5;7;8;9;10;11;15;16;18;19;20;21;22;2695622
1782;1;2;3;7;8;12;13;14;15;17;18;19;20;22;25;2244405
1783;3;4;8;10;11;12;14;15;18;20;21;22;23;24;25;3174922
1784;1;3;4;7;9;10;11;13;14;17;18;19;22;23;25;2575074
1785;1;4;5;6;7;8;9;11;14;16;17;19;21;23;25;2667139
1786;1;3;4;5;6;7;12;16;17;18;20;21;22;23;24;2482763
1787;1;2;4;6;7;10;11;12;14;18;19;20;21;23;25;2347881
1788;1;2;6;7;9;10;11;13;14;15;17;18;19;20;23;2440417
1789;1;3;5;8;9;11;13;14;15;17;19;21;22;24;25;2631419
1790;1;2;3;6;8;11;12;13;15;17;18;21;23;24;25;2231534
1791;1;2;4;5;7;8;10;13;15;17;18;19;20;22;24;2308158
1792;2;3;6;7;9;10;13;14;15;16;17;21;22;24;25;2964629
1793;1;2;3;5;6;10;11;13;16;18;19;20;21;23;24;2171081
1794;3;4;5;7;8;10;11;13;16;18;19;21;22;24;25;3136157
1795;2;4;7;8;9;10;13;16;17;18;19;22;23;24;25;3052831
1796;1;3;5;9;10;12;15;16;18;19;20;21;23;24;25;2634147
1797;3;5;6;7;9;10;11;14;15;16;17;18;19;24;25;3184876
1798;2;3;4;5;7;9;12;13;14;15;16;19;20;21;23;2837991
1799;2;3;4;5;8;10;11;12;15;18;20;22;23;24;25;2847412
1800;1;2;5;6;7;8;10;12;13;14;15;16;20;21;22;2389354
1801;1;4;5;7;10;12;13;15;17;18;19;20;22;23;24;2705868
1802;1;2;5;8;11;12;14;15;16;19;20;21;23;24;25;2429553
1803;3;4;5;6;7;9;11;15;17;18;19;20;21;23;24;3113932
1804;1;5;8;9;10;11;13;14;15;17;19;20;22;24;25;2765008
1805;1;2;4;5;6;9;10;14;15;16;18;20;22;23;24;2293823
1806;1;2;4;5;7;9;11;14;15;16;19;20;21;23;25;2314562
1807;1;2;3;5;7;8;9;13;14;17;18;19;20;24;25;2179102
1808;3;5;7;8;11;12;13;15;16;18;19;20;22;24;25;3198449
1809;1;2;4;5;6;9;13;14;16;17;18;20;23;24;25;2295819
1810;1;3;4;6;7;9;12;13;14;16;19;21;22;24;25;2550169
1811;2;3;4;5;6;7;8;10;12;13;14;18;20;21;24;2786785
1812;2;4;6;7;9;11;12;13;18;19;20;21;23;24;25;3042664
1813;1;2;4;5;7;8;11;13;14;15;16;17;20;23;25;2309205
1814;1;2;3;5;7;12;14;15;16;18;19;21;23;24;25;2192327
1815;3;6;7;10;11;12;13;14;15;18;19;20;21;24;25;3208681
1816;1;2;4;6;7;8;9;11;13;14;15;16;18;20;21;2335151
1817;1;4;7;9;10;11;14;15;16;17;18;21;22;23;24;2736161
1818;1;4;5;6;8;9;10;11;14;15;16;19;21;23;24;2683064
1819;1;6;9;10;11;12;13;14;15;16;17;18;19;20;23;2774829
1820;1;4;5;7;10;13;14;16;17;18;19;20;21;22;25;2705974
1821;2;3;4;5;7;9;10;13;14;16;17;19;20;21;25;2836301
1822;1;4;6;9;12;13;14;16;17;18;19;20;21;24;25;2730624
1823;3;5;6;7;8;9;10;12;13;15;16;17;18;19;22;3177707
1824;2;5;6;8;9;11;13;14;16;17;18;20;21;23;25;3074426
1825;1;3;7;8;9;10;11;14;15;16;17;20;21;22;23;2654751
1826;1;2;5;7;8;9;10;11;12;13;14;19;21;22;25;2413183
1827;1;3;4;6;7;10;12;13;14;17;18;19;21;22;24;2552180
1828;1;2;5;6;7;8;9;11;12;13;15;19;21;23;24;2384918
1829;2;3;4;5;7;10;11;13;15;16;19;21;22;23;24;2839706
1830;1;3;5;8;10;11;12;14;17;18;19;20;22;23;24;2632295
1831;2;4;5;8;9;10;12;14;16;18;19;20;21;22;23;3027859
1832;2;7;8;9;10;11;16;18;19;20;21;22;23;24;25;3095871
1833;1;7;9;11;12;14;15;16;18;19;20;21;23;24;25;2777633
1834;2;5;6;8;12;13;14;15;17;18;19;20;21;22;23;3076151
1835;1;4;6;7;11;13;14;15;16;18;20;21;22;23;24;2724813
1836;1;3;4;6;7;8;9;12;14;15;17;18;19;24;25;2539948
1837;1;4;5;6;8;9;11;12;13;14;15;16;21;24;25;2684672
1838;1;3;5;8;9;10;12;15;16;18;20;21;22;23;25;2630610
1839;1;3;4;6;7;8;9;14;15;17;18;19;23;24;25;2540594
1840;2;3;6;7;10;11;12;13;14;15;16;17;19;21;24;2965837
1841;1;2;3;4;6;7;8;11;12;13;17;18;21;22;25;2063925
1842;3;4;5;6;9;11;12;13;14;16;17;19;20;21;23;3127822
1843;4;6;7;8;11;12;14;15;16;17;19;20;21;22;24;3245814
1844;1;3;5;6;7;8;11;12;14;15;16;17;21;23;25;2594580
1845;3;4;5;6;8;10;11;14;15;17;18;19;20;21;23;3123849
1846;1;2;3;9;10;11;12;14;15;18;19;20;22;24;25;2253777
1847;1;2;3;5;7;8;9;14;15;17;18;19;20;23;24;2179306
1848;2;3;7;8;9;11;13;15;16;17;18;20;21;22;24;2975997
1849;1;5;9;11;12;13;14;17;18;19;21;22;23;24;25;2766667
1850;4;5;7;10;11;12;14;15;16;18;20;21;23;24;25;3238985
1851;1;5;6;7;8;9;10;11;13;16;19;20;22;23;25;2741042
1852;1;3;6;9;10;12;13;17;18;19;20;21;23;24;25;2652658
1853;1;3;5;9;10;11;13;14;15;16;17;20;22;23;24;2633743
1854;3;4;5;6;8;11;13;14;15;16;17;18;20;22;24;3125181
1855;1;4;5;7;11;12;13;14;15;16;17;20;23;24;25;2706036
1856;1;3;4;7;8;10;11;12;13;16;17;18;20;21;23;2571477
1857;2;4;6;7;8;9;14;15;16;17;20;22;23;24;25;3037295
1858;2;3;4;7;8;9;11;13;15;17;18;20;21;22;25;2889925
1859;3;6;7;8;9;12;13;16;17;19;20;21;22;24;25;3205748
1860;1;2;3;4;5;10;11;15;17;18;19;21;22;23;24;2051906
1861;2;3;5;6;7;8;9;13;14;16;18;22;23;24;25;2910532
1862;2;3;4;5;7;10;11;13;16;18;19;20;21;23;24;2839759
1863;2;3;4;5;6;8;9;10;14;16;18;21;22;24;25;2806034
1864;2;3;6;7;8;9;10;12;14;16;18;20;21;24;25;2957156
1865;2;3;5;6;7;10;11;12;14;17;19;20;21;24;25;2921523
1866;1;2;3;4;5;10;11;12;13;14;16;20;21;23;25;2050825
1867;1;2;4;5;6;7;8;9;12;13;15;16;17;18;25;2260121
1868;1;2;4;5;6;8;10;11;13;14;16;17;19;21;24;2287003
1869;1;2;4;10;11;13;14;15;17;18;21;22;23;24;25;2380955
1870;1;2;3;4;6;7;10;15;16;18;20;21;22;24;25;2075924
1871;1;2;4;5;6;7;8;11;13;14;18;20;22;23;24;2266222
1872;1;2;6;8;9;13;14;15;17;19;20;21;22;23;25;2446892
1873;1;4;5;7;8;9;10;11;12;14;15;17;19;21;23;2694529
1874;1;5;6;8;9;10;13;14;17;19;20;21;22;24;25;2753963
1875;1;3;4;5;7;8;13;14;16;18;19;21;22;23;24;2513764
1876;1;2;3;4;7;8;11;13;16;18;19;20;22;23;24;2107941
1877;2;4;8;9;11;12;13;14;15;18;19;21;23;24;25;3058159
1878;1;2;3;4;5;6;8;10;12;15;17;19;23;24;25;1994531
1879;2;4;5;6;8;10;11;13;15;16;19;20;21;24;25;3007444
1880;1;4;5;6;7;9;11;13;15;18;19;20;22;23;24;2677692
1881;1;3;4;5;10;14;15;16;17;18;19;21;23;24;25;2533888
1882;1;3;4;5;8;9;11;12;13;14;15;16;22;23;24;2524941
1883;1;2;3;4;5;8;11;13;15;16;17;18;21;22;23;2044643
1884;1;2;3;5;6;7;8;9;11;12;14;16;17;23;25;2132654
1885;1;3;5;8;9;10;11;12;14;17;18;21;22;23;25;2629505
1886;1;2;3;6;9;11;12;14;15;16;19;20;21;22;25;2234638
1887;1;3;4;6;7;8;9;10;11;12;14;16;17;18;22;2534676
1888;2;4;6;7;8;11;12;14;17;18;20;22;23;24;25;3039779
1889;1;2;4;6;7;11;13;14;15;19;20;22;23;24;25;2349794
1890;1;2;4;5;7;8;9;10;11;13;15;16;17;21;23;2299963
